resolution,cohort,metric,experiment,method,seed,absolute_time,lead_time,population,finite_count,mean,sample_sd,median,p95,maximum
N64,test_1040_1219,full_relative_l2,M3,GIFT,20260820,5.0,0.0,180,180,0.0,0.0,0.0,0.0,0.0
N64,test_1040_1219,full_relative_l2,M3,GIFT,20260820,5.1,0.09999999999999964,180,180,0.015564041477741854,0.0031521311590991556,0.01532780608678291,0.021135245519827733,0.023917528458452186
N64,test_1040_1219,full_relative_l2,M3,GIFT,20260820,5.2,0.20000000000000018,180,180,0.019841232522925883,0.004023002305430783,0.019565714046976563,0.02692483798213826,0.031197437771363013
N64,test_1040_1219,full_relative_l2,M3,GIFT,20260820,5.3,0.2999999999999998,180,180,0.021326116391789485,0.004534675706258,0.020827018850837365,0.029402165356417192,0.03475584442216162
N64,test_1040_1219,full_relative_l2,M3,GIFT,20260820,5.4,0.40000000000000036,180,180,0.021820451819163464,0.004831202479938715,0.021268883582969293,0.030346364713844793,0.03521424972294838
N64,test_1040_1219,full_relative_l2,M3,GIFT,20260820,5.5,0.5,180,180,0.02185239676727612,0.0048484239443334146,0.021301941919952053,0.030286997042398803,0.03517315667472259
N64,test_1040_1219,full_relative_l2,M3,GIFT,20260820,5.6,0.5999999999999996,180,180,0.021761980619900336,0.004819466238451113,0.02151197556565522,0.029793183112839874,0.03425688603111464
N64,test_1040_1219,full_relative_l2,M3,GIFT,20260820,5.7,0.7000000000000002,180,180,0.021629024989843204,0.004786903771373304,0.021390653112803415,0.03021923806937655,0.035779708622471804
N64,test_1040_1219,full_relative_l2,M3,GIFT,20260820,5.8,0.7999999999999998,180,180,0.02142433605988957,0.004771641716261176,0.02110035510284452,0.029284032345426116,0.03705745193554676
N64,test_1040_1219,full_relative_l2,M3,GIFT,20260820,5.9,0.9000000000000004,180,180,0.021230050165631554,0.004747757147074813,0.02068604063968274,0.029145467811884113,0.0373207305847113
N64,test_1040_1219,full_relative_l2,M3,GIFT,20260820,6.0,1.0,180,180,0.02102944616329716,0.0047684206559569465,0.02048495523498907,0.028780971885080064,0.0373695447495217
N64,test_1040_1219,P21_relative_l2,M3,GIFT,20260820,5.0,0.0,180,180,0.0,0.0,0.0,0.0,0.0
N64,test_1040_1219,P21_relative_l2,M3,GIFT,20260820,5.1,0.09999999999999964,180,180,0.012924179556740726,0.0026021671858768884,0.012721432170289745,0.017494608489291286,0.019632203371205567
N64,test_1040_1219,P21_relative_l2,M3,GIFT,20260820,5.2,0.20000000000000018,180,180,0.01710249136188425,0.0034585036255695856,0.016849610442654255,0.02276718243467005,0.027128186916904128
N64,test_1040_1219,P21_relative_l2,M3,GIFT,20260820,5.3,0.2999999999999998,180,180,0.018784229146236144,0.003975889826554908,0.01841012606273503,0.025899282941675345,0.030870782352342183
N64,test_1040_1219,P21_relative_l2,M3,GIFT,20260820,5.4,0.40000000000000036,180,180,0.019433539473758314,0.004259022827404815,0.0188360496731566,0.026459021499935766,0.03085355205601205
N64,test_1040_1219,P21_relative_l2,M3,GIFT,20260820,5.5,0.5,180,180,0.01962806261152856,0.004320082666761015,0.019206712658398187,0.02722300110297901,0.03119611514794806
N64,test_1040_1219,P21_relative_l2,M3,GIFT,20260820,5.6,0.5999999999999996,180,180,0.01968777483924735,0.004316296048529963,0.019419826568427792,0.026733276663460814,0.031107248195405526
N64,test_1040_1219,P21_relative_l2,M3,GIFT,20260820,5.7,0.7000000000000002,180,180,0.019673859702135706,0.004292063785330037,0.01954767401232361,0.027056147525231174,0.03131964239789417
N64,test_1040_1219,P21_relative_l2,M3,GIFT,20260820,5.8,0.7999999999999998,180,180,0.019544862397566608,0.004294643580998448,0.019282308519087892,0.02681103328556721,0.03300565887086202
N64,test_1040_1219,P21_relative_l2,M3,GIFT,20260820,5.9,0.9000000000000004,180,180,0.019445664228321544,0.004310159108061389,0.019008835364125724,0.026910869878803846,0.0335657422937947
N64,test_1040_1219,P21_relative_l2,M3,GIFT,20260820,6.0,1.0,180,180,0.01934071684975542,0.004341268785184545,0.018857102162967064,0.026489595007418678,0.03371900284696599
N64,test_1040_1219,Q21_relative_l2,M3,GIFT,20260820,5.0,0.0,180,180,0.0,0.0,0.0,0.0,0.0
N64,test_1040_1219,Q21_relative_l2,M3,GIFT,20260820,5.1,0.09999999999999964,180,180,0.24603953435962056,0.02700465944213198,0.24256662558797373,0.2903982633615979,0.3615936756924342
N64,test_1040_1219,Q21_relative_l2,M3,GIFT,20260820,5.2,0.20000000000000018,180,180,0.29233258922333893,0.03162111133200705,0.2911004123258062,0.3522100689831936,0.3765686988479472
N64,test_1040_1219,Q21_relative_l2,M3,GIFT,20260820,5.3,0.2999999999999998,180,180,0.30141409065004393,0.031746136941381335,0.30048171825861425,0.35615084764285043,0.3768332131710264
N64,test_1040_1219,Q21_relative_l2,M3,GIFT,20260820,5.4,0.40000000000000036,180,180,0.30587686294568966,0.03253078973296048,0.3038346996100875,0.3630315858153457,0.40496984271607317
N64,test_1040_1219,Q21_relative_l2,M3,GIFT,20260820,5.5,0.5,180,180,0.3054148635702865,0.03253173746880291,0.30205761932141156,0.3718031228254277,0.4098060828515623
N64,test_1040_1219,Q21_relative_l2,M3,GIFT,20260820,5.6,0.5999999999999996,180,180,0.30277132737372914,0.03313172781057335,0.29965954929344046,0.3552309641300298,0.4391927578177196
N64,test_1040_1219,Q21_relative_l2,M3,GIFT,20260820,5.7,0.7000000000000002,180,180,0.3015102473605943,0.03397035611768225,0.3010155316571267,0.36206357946874135,0.43216318669034876
N64,test_1040_1219,Q21_relative_l2,M3,GIFT,20260820,5.8,0.7999999999999998,180,180,0.3030455296213745,0.036870051660664406,0.30303034405702334,0.3649374485053273,0.4277960041056252
N64,test_1040_1219,Q21_relative_l2,M3,GIFT,20260820,5.9,0.9000000000000004,180,180,0.3039070258214964,0.03518732573663041,0.30109235171366616,0.361763618500385,0.43490801889915864
N64,test_1040_1219,Q21_relative_l2,M3,GIFT,20260820,6.0,1.0,180,180,0.3012818302927727,0.0336716711368865,0.30083194996903706,0.361833296273661,0.4391079458141268
N64,test_1040_1219,P22_31_relative_l2,M3,GIFT,20260820,5.0,0.0,180,180,0.0,0.0,0.0,0.0,0.0
N64,test_1040_1219,P22_31_relative_l2,M3,GIFT,20260820,5.1,0.09999999999999964,180,180,0.24071048337957707,0.026224590307676265,0.2382028135374723,0.2850766729163106,0.34099290137229715
N64,test_1040_1219,P22_31_relative_l2,M3,GIFT,20260820,5.2,0.20000000000000018,180,180,0.2860124739483976,0.031232505258466152,0.2834881998662662,0.3418905067511332,0.3951179342246636
N64,test_1040_1219,P22_31_relative_l2,M3,GIFT,20260820,5.3,0.2999999999999998,180,180,0.2941922419869444,0.031336449451519054,0.2920372125346308,0.346389265842104,0.39921234847360165
N64,test_1040_1219,P22_31_relative_l2,M3,GIFT,20260820,5.4,0.40000000000000036,180,180,0.298108413283957,0.029874046560361654,0.29480054069179146,0.352202880342439,0.38449746294378867
N64,test_1040_1219,P22_31_relative_l2,M3,GIFT,20260820,5.5,0.5,180,180,0.29868760818364326,0.032080414736757434,0.29677046068522983,0.34836204760810047,0.40704235288352814
N64,test_1040_1219,P22_31_relative_l2,M3,GIFT,20260820,5.6,0.5999999999999996,180,180,0.2952141779900173,0.03265652997674376,0.2923752876679489,0.3459580043651303,0.4389080813502623
N64,test_1040_1219,P22_31_relative_l2,M3,GIFT,20260820,5.7,0.7000000000000002,180,180,0.2931642865311608,0.03369687067141578,0.2915403162481992,0.34490287295805955,0.4294949555597275
N64,test_1040_1219,P22_31_relative_l2,M3,GIFT,20260820,5.8,0.7999999999999998,180,180,0.29442004194936744,0.0353618662172451,0.29107402474827954,0.3534954685512028,0.41151293459320987
N64,test_1040_1219,P22_31_relative_l2,M3,GIFT,20260820,5.9,0.9000000000000004,180,180,0.2960729307556186,0.03411722794891871,0.2951564571671683,0.35863784588975695,0.4285772122426652
N64,test_1040_1219,P22_31_relative_l2,M3,GIFT,20260820,6.0,1.0,180,180,0.29407736050449773,0.032654213837667166,0.29457256488054173,0.34546487036003626,0.43268364062999404
N64,test_1040_1219,outer_P31_relative_l2,M3,GIFT,20260820,5.0,0.0,180,180,0.0,0.0,0.0,0.0,0.0
N64,test_1040_1219,outer_P31_relative_l2,M3,GIFT,20260820,5.1,0.09999999999999964,180,180,0.2961125547739566,0.06608805967860361,0.28593386556402534,0.4154329764412241,0.4853347593840664
N64,test_1040_1219,outer_P31_relative_l2,M3,GIFT,20260820,5.2,0.20000000000000018,180,180,0.3529711471699416,0.0811953827853177,0.3467562910438772,0.5009830889254604,0.5766893535533635
N64,test_1040_1219,outer_P31_relative_l2,M3,GIFT,20260820,5.3,0.2999999999999998,180,180,0.3687647745294961,0.08567171495615954,0.36470662281761845,0.5315385064928857,0.7303318174791227
N64,test_1040_1219,outer_P31_relative_l2,M3,GIFT,20260820,5.4,0.40000000000000036,180,180,0.3764955389738745,0.0965742277258951,0.3672608181340886,0.5255497867060928,0.854608436251577
N64,test_1040_1219,outer_P31_relative_l2,M3,GIFT,20260820,5.5,0.5,180,180,0.3729304045348158,0.08864122630464771,0.3688667644835949,0.5123842518574439,0.648029295383328
N64,test_1040_1219,outer_P31_relative_l2,M3,GIFT,20260820,5.6,0.5999999999999996,180,180,0.3777510070787827,0.0828281764928377,0.3826161100715353,0.5303241586719166,0.5929668739646705
N64,test_1040_1219,outer_P31_relative_l2,M3,GIFT,20260820,5.7,0.7000000000000002,180,180,0.38146072076996684,0.08687344335408372,0.37714657076269376,0.5440884012952097,0.666480661076937
N64,test_1040_1219,outer_P31_relative_l2,M3,GIFT,20260820,5.8,0.7999999999999998,180,180,0.38158449405319933,0.08950063171992198,0.37798125991423914,0.5471158347982944,0.5954877803143463
N64,test_1040_1219,outer_P31_relative_l2,M3,GIFT,20260820,5.9,0.9000000000000004,180,180,0.38133435354090717,0.08878820270331012,0.37268583211558365,0.5442143476409698,0.6514596812301524
N64,test_1040_1219,outer_P31_relative_l2,M3,GIFT,20260820,6.0,1.0,180,180,0.37673853758766923,0.08892244553128814,0.3689261594291629,0.5260144778531954,0.7449718291624634
N64,test_1040_1219,full_relative_l2,M3,GIFT,20260821,5.0,0.0,180,180,0.0,0.0,0.0,0.0,0.0
N64,test_1040_1219,full_relative_l2,M3,GIFT,20260821,5.1,0.09999999999999964,180,180,0.015665037813011054,0.0031897354711984877,0.015483995315693586,0.021282804063272306,0.024703256158808473
N64,test_1040_1219,full_relative_l2,M3,GIFT,20260821,5.2,0.20000000000000018,180,180,0.01997689240074259,0.004062080499039871,0.019667593487668972,0.02717243904895327,0.03186732726694988
N64,test_1040_1219,full_relative_l2,M3,GIFT,20260821,5.3,0.2999999999999998,180,180,0.021441802251269373,0.004594868772029753,0.020936128440232238,0.029575854658895315,0.03596022815020629
N64,test_1040_1219,full_relative_l2,M3,GIFT,20260821,5.4,0.40000000000000036,180,180,0.021914416696692973,0.004854161758055106,0.021325560862341386,0.030452662973115514,0.03516678833500999
N64,test_1040_1219,full_relative_l2,M3,GIFT,20260821,5.5,0.5,180,180,0.021936080470429876,0.004873161596886793,0.021267742531817173,0.030898423010936635,0.035591255353651575
N64,test_1040_1219,full_relative_l2,M3,GIFT,20260821,5.6,0.5999999999999996,180,180,0.021834793447125547,0.004855249322945231,0.021456539367491048,0.029922802556014313,0.034433629745208603
N64,test_1040_1219,full_relative_l2,M3,GIFT,20260821,5.7,0.7000000000000002,180,180,0.02170201878702522,0.004807094655209518,0.02146542523782396,0.030194658179862548,0.036027022303035984
N64,test_1040_1219,full_relative_l2,M3,GIFT,20260821,5.8,0.7999999999999998,180,180,0.021485295746784743,0.0047828917427862995,0.021122606344021546,0.029272394434065402,0.037132599859347366
N64,test_1040_1219,full_relative_l2,M3,GIFT,20260821,5.9,0.9000000000000004,180,180,0.021282149079283712,0.004770022120523078,0.020744555988772638,0.02928675665956412,0.03726455524074398
N64,test_1040_1219,full_relative_l2,M3,GIFT,20260821,6.0,1.0,180,180,0.02107273283391257,0.004760025655980713,0.020557696171894752,0.028835570928879527,0.0371443352952994
N64,test_1040_1219,P21_relative_l2,M3,GIFT,20260821,5.0,0.0,180,180,0.0,0.0,0.0,0.0,0.0
N64,test_1040_1219,P21_relative_l2,M3,GIFT,20260821,5.1,0.09999999999999964,180,180,0.012924179099968515,0.0026021669590567363,0.01272143900778223,0.017494604215924928,0.019632196187082222
N64,test_1040_1219,P21_relative_l2,M3,GIFT,20260821,5.2,0.20000000000000018,180,180,0.01710248987333762,0.0034585028617093645,0.016849602935463635,0.022767176013726412,0.02712820255046151
N64,test_1040_1219,P21_relative_l2,M3,GIFT,20260821,5.3,0.2999999999999998,180,180,0.01878422729258976,0.003975888565187478,0.01841010860280104,0.025899299109363963,0.030870781889680777
N64,test_1040_1219,P21_relative_l2,M3,GIFT,20260821,5.4,0.40000000000000036,180,180,0.019433537895961524,0.004259021570721946,0.018836055514697792,0.026459044560603356,0.030853554219703195
N64,test_1040_1219,P21_relative_l2,M3,GIFT,20260821,5.5,0.5,180,180,0.019628060672526284,0.004320082576757409,0.019206729041034015,0.0272229718758337,0.031196151330956184
N64,test_1040_1219,P21_relative_l2,M3,GIFT,20260821,5.6,0.5999999999999996,180,180,0.019687771528757173,0.0043162960283616705,0.0194197934450666,0.026733300688622313,0.031107230968200873
N64,test_1040_1219,P21_relative_l2,M3,GIFT,20260821,5.7,0.7000000000000002,180,180,0.01967385725106409,0.004292064183584816,0.019547716709074396,0.027056262928645554,0.03131962838387231
N64,test_1040_1219,P21_relative_l2,M3,GIFT,20260821,5.8,0.7999999999999998,180,180,0.019544860238386252,0.0042946432878571555,0.019282286563081872,0.026810864097272468,0.03300563411262913
N64,test_1040_1219,P21_relative_l2,M3,GIFT,20260821,5.9,0.9000000000000004,180,180,0.019445657190390972,0.004310159333205609,0.01900887535065286,0.0269106140275345,0.0335657197418434
N64,test_1040_1219,P21_relative_l2,M3,GIFT,20260821,6.0,1.0,180,180,0.019340704417996207,0.004341264782266718,0.018857089214429718,0.026489497869122153,0.0337189750317319
N64,test_1040_1219,Q21_relative_l2,M3,GIFT,20260821,5.0,0.0,180,180,0.0,0.0,0.0,0.0,0.0
N64,test_1040_1219,Q21_relative_l2,M3,GIFT,20260821,5.1,0.09999999999999964,180,180,0.2509544720167407,0.026748709664011255,0.24696494732224694,0.2966854671594525,0.3738240324476485
N64,test_1040_1219,Q21_relative_l2,M3,GIFT,20260821,5.2,0.20000000000000018,180,180,0.2999632214892948,0.032580187219073777,0.2977539366507015,0.3615320012567306,0.3821302164703534
N64,test_1040_1219,Q21_relative_l2,M3,GIFT,20260821,5.3,0.2999999999999998,180,180,0.3083526458997894,0.03260555268700878,0.3063233220652422,0.367142872708724,0.38712818516313496
N64,test_1040_1219,Q21_relative_l2,M3,GIFT,20260821,5.4,0.40000000000000036,180,180,0.3121903025261773,0.03345455535223398,0.3107181543945486,0.36673194722199143,0.41487176718320784
N64,test_1040_1219,Q21_relative_l2,M3,GIFT,20260821,5.5,0.5,180,180,0.31149854578088193,0.03309569492748598,0.30897080804650395,0.36614442269331304,0.4052494412068291
N64,test_1040_1219,Q21_relative_l2,M3,GIFT,20260821,5.6,0.5999999999999996,180,180,0.3083795042041424,0.03387068876411152,0.306795905415929,0.3620564289438848,0.43558460746841654
N64,test_1040_1219,Q21_relative_l2,M3,GIFT,20260821,5.7,0.7000000000000002,180,180,0.3075158306671503,0.03482919672792096,0.30780083129702374,0.3668778779712897,0.42027087938598245
N64,test_1040_1219,Q21_relative_l2,M3,GIFT,20260821,5.8,0.7999999999999998,180,180,0.3081885143035033,0.0370878865993936,0.30678850393026547,0.3695327809880596,0.4214715846882371
N64,test_1040_1219,Q21_relative_l2,M3,GIFT,20260821,5.9,0.9000000000000004,180,180,0.30859902516561893,0.03700110943727089,0.30333412640780627,0.3708977309003281,0.44713846902536775
N64,test_1040_1219,Q21_relative_l2,M3,GIFT,20260821,6.0,1.0,180,180,0.3057303902170612,0.03397645687448518,0.3054844169895823,0.36187273675313725,0.44107943375413183
N64,test_1040_1219,P22_31_relative_l2,M3,GIFT,20260821,5.0,0.0,180,180,0.0,0.0,0.0,0.0,0.0
N64,test_1040_1219,P22_31_relative_l2,M3,GIFT,20260821,5.1,0.09999999999999964,180,180,0.24523774773878665,0.02603474573497656,0.24343294436646568,0.2905818990566763,0.3570026336537984
N64,test_1040_1219,P22_31_relative_l2,M3,GIFT,20260821,5.2,0.20000000000000018,180,180,0.293543795826753,0.031595942822521254,0.29224319909689145,0.35138817341742573,0.38532606328545294
N64,test_1040_1219,P22_31_relative_l2,M3,GIFT,20260821,5.3,0.2999999999999998,180,180,0.30120582941263124,0.032194517740247446,0.29873463769228864,0.3538232826102661,0.4106736412529256
N64,test_1040_1219,P22_31_relative_l2,M3,GIFT,20260821,5.4,0.40000000000000036,180,180,0.30442395993002097,0.031271605332668415,0.3031908306650707,0.35992880031668817,0.3973022773846509
N64,test_1040_1219,P22_31_relative_l2,M3,GIFT,20260821,5.5,0.5,180,180,0.3043725866597513,0.032887447483446595,0.3017336154742954,0.35684485886712186,0.41254469707778113
N64,test_1040_1219,P22_31_relative_l2,M3,GIFT,20260821,5.6,0.5999999999999996,180,180,0.3013111673256718,0.03467484848063529,0.2977601065740255,0.3572197920710192,0.4351262424780034
N64,test_1040_1219,P22_31_relative_l2,M3,GIFT,20260821,5.7,0.7000000000000002,180,180,0.29890283809457907,0.03453059914315921,0.298314933829802,0.3562774578032969,0.4133608524701232
N64,test_1040_1219,P22_31_relative_l2,M3,GIFT,20260821,5.8,0.7999999999999998,180,180,0.2991611595908005,0.035885842388656226,0.29517036955525555,0.36220866233904814,0.4082880085574468
N64,test_1040_1219,P22_31_relative_l2,M3,GIFT,20260821,5.9,0.9000000000000004,180,180,0.30056149183123876,0.0356012785767003,0.2964846366061603,0.360836470581742,0.4386019424309082
N64,test_1040_1219,P22_31_relative_l2,M3,GIFT,20260821,6.0,1.0,180,180,0.29875329661904576,0.03303219848066375,0.2970229185534785,0.35282602407365626,0.4362834692602576
N64,test_1040_1219,outer_P31_relative_l2,M3,GIFT,20260821,5.0,0.0,180,180,0.0,0.0,0.0,0.0,0.0
N64,test_1040_1219,outer_P31_relative_l2,M3,GIFT,20260821,5.1,0.09999999999999964,180,180,0.3027065635962187,0.06431324127316743,0.3000723166654715,0.41129833059929144,0.5183496804765799
N64,test_1040_1219,outer_P31_relative_l2,M3,GIFT,20260821,5.2,0.20000000000000018,180,180,0.36198137123300994,0.08603790485436831,0.3492423424635449,0.5362512290256909,0.6377487446311423
N64,test_1040_1219,outer_P31_relative_l2,M3,GIFT,20260821,5.3,0.2999999999999998,180,180,0.37798541093009397,0.09214504434318993,0.3764989481433719,0.5273628976160587,0.8267061828120351
N64,test_1040_1219,outer_P31_relative_l2,M3,GIFT,20260821,5.4,0.40000000000000036,180,180,0.38508868852813105,0.09979823995923537,0.3726648982096259,0.5810013083239549,0.768336657485235
N64,test_1040_1219,outer_P31_relative_l2,M3,GIFT,20260821,5.5,0.5,180,180,0.38281759595271314,0.09320257721157348,0.38086166754601075,0.534534706783365,0.7011269072791899
N64,test_1040_1219,outer_P31_relative_l2,M3,GIFT,20260821,5.6,0.5999999999999996,180,180,0.38231879325293144,0.085026005983832,0.3879997722232217,0.5291035198248953,0.6351057569327573
N64,test_1040_1219,outer_P31_relative_l2,M3,GIFT,20260821,5.7,0.7000000000000002,180,180,0.38922415443698777,0.08446529864445367,0.38390142938738314,0.5211595863011412,0.6620735126309687
N64,test_1040_1219,outer_P31_relative_l2,M3,GIFT,20260821,5.8,0.7999999999999998,180,180,0.39095224038016035,0.09019216502888633,0.38813940580675643,0.5376360239754635,0.659794487139995
N64,test_1040_1219,outer_P31_relative_l2,M3,GIFT,20260821,5.9,0.9000000000000004,180,180,0.3867853163856383,0.08598922611372106,0.38725531759081305,0.5197838687362355,0.5838311980334092
N64,test_1040_1219,outer_P31_relative_l2,M3,GIFT,20260821,6.0,1.0,180,180,0.3796267807125067,0.08603355208878967,0.3757317934996447,0.5344966680023664,0.6873446530556434
N64,test_1040_1219,full_relative_l2,M3,GIFT,20260822,5.0,0.0,180,180,0.0,0.0,0.0,0.0,0.0
N64,test_1040_1219,full_relative_l2,M3,GIFT,20260822,5.1,0.09999999999999964,180,180,0.015653651718884935,0.0031751829246013043,0.015388857802216504,0.021197996773766863,0.024173654210223376
N64,test_1040_1219,full_relative_l2,M3,GIFT,20260822,5.2,0.20000000000000018,180,180,0.019964100385256235,0.004039415559940736,0.019680505407055356,0.02710264367974145,0.0316325322267914
N64,test_1040_1219,full_relative_l2,M3,GIFT,20260822,5.3,0.2999999999999998,180,180,0.02144021237314081,0.004560483840751417,0.020908575301608938,0.0294789192482149,0.035393535502148445
N64,test_1040_1219,full_relative_l2,M3,GIFT,20260822,5.4,0.40000000000000036,180,180,0.02190826284279983,0.004835451021234232,0.0213610902403763,0.030306100559368953,0.03520406991906987
N64,test_1040_1219,full_relative_l2,M3,GIFT,20260822,5.5,0.5,180,180,0.021913109592835062,0.004851534103338142,0.021385501844547683,0.030182806632965624,0.03569247138955005
N64,test_1040_1219,full_relative_l2,M3,GIFT,20260822,5.6,0.5999999999999996,180,180,0.021817870143675127,0.004824590053093814,0.021432539035081147,0.029926866469769196,0.03420886048423293
N64,test_1040_1219,full_relative_l2,M3,GIFT,20260822,5.7,0.7000000000000002,180,180,0.02169737326662682,0.004795489891721155,0.021473047094041048,0.030088862409244705,0.03588433864905196
N64,test_1040_1219,full_relative_l2,M3,GIFT,20260822,5.8,0.7999999999999998,180,180,0.02147920024843654,0.004778926438867422,0.021132690771781808,0.029412933283263283,0.037041093493484084
N64,test_1040_1219,full_relative_l2,M3,GIFT,20260822,5.9,0.9000000000000004,180,180,0.021272839533169004,0.004751733270847424,0.0207857977584969,0.02944204918657585,0.03733922862312877
N64,test_1040_1219,full_relative_l2,M3,GIFT,20260822,6.0,1.0,180,180,0.021071727837879476,0.004770139206276372,0.020490533906116826,0.028750218784436322,0.03753268917856132
N64,test_1040_1219,P21_relative_l2,M3,GIFT,20260822,5.0,0.0,180,180,0.0,0.0,0.0,0.0,0.0
N64,test_1040_1219,P21_relative_l2,M3,GIFT,20260822,5.1,0.09999999999999964,180,180,0.012924179041899873,0.002602166620873545,0.01272143770146636,0.017494609386002634,0.01963220326845211
N64,test_1040_1219,P21_relative_l2,M3,GIFT,20260822,5.2,0.20000000000000018,180,180,0.017102490932807114,0.003458502414283051,0.01684960389982119,0.022767176480400265,0.02712816218380261
N64,test_1040_1219,P21_relative_l2,M3,GIFT,20260822,5.3,0.2999999999999998,180,180,0.01878422800286154,0.0039758879773664265,0.018410112808031814,0.025899285831176642,0.030870762030758104
N64,test_1040_1219,P21_relative_l2,M3,GIFT,20260822,5.4,0.40000000000000036,180,180,0.019433538359295992,0.0042590221400953965,0.01883603975996421,0.026459023633806113,0.030853509003439916
N64,test_1040_1219,P21_relative_l2,M3,GIFT,20260822,5.5,0.5,180,180,0.01962806274966409,0.0043200812534759745,0.019206730512049505,0.027222961779750657,0.031196147849083363
N64,test_1040_1219,P21_relative_l2,M3,GIFT,20260822,5.6,0.5999999999999996,180,180,0.019687775965416262,0.004316295936906142,0.019419814273927416,0.02673328085347335,0.031107261217961077
N64,test_1040_1219,P21_relative_l2,M3,GIFT,20260822,5.7,0.7000000000000002,180,180,0.019673861151931718,0.004292065298033677,0.01954767288053382,0.027056124360574703,0.03131965206986944
N64,test_1040_1219,P21_relative_l2,M3,GIFT,20260822,5.8,0.7999999999999998,180,180,0.019544865661472805,0.004294643306030822,0.019282305758536386,0.02681096382620011,0.03300568208901876
N64,test_1040_1219,P21_relative_l2,M3,GIFT,20260822,5.9,0.9000000000000004,180,180,0.01944566965984566,0.004310157344441066,0.019008839472139362,0.026910739271477423,0.03356577439418107
N64,test_1040_1219,P21_relative_l2,M3,GIFT,20260822,6.0,1.0,180,180,0.01934072523646426,0.004341264780400236,0.018857052486494785,0.026489578170377424,0.0337190430882384
N64,test_1040_1219,Q21_relative_l2,M3,GIFT,20260822,5.0,0.0,180,180,0.0,0.0,0.0,0.0,0.0
N64,test_1040_1219,Q21_relative_l2,M3,GIFT,20260822,5.1,0.09999999999999964,180,180,0.2504555959558561,0.02641730809159278,0.24720774110607185,0.29611598992366867,0.36173390534932787
N64,test_1040_1219,Q21_relative_l2,M3,GIFT,20260822,5.2,0.20000000000000018,180,180,0.29933944103524524,0.030254769105360096,0.2982171683912411,0.353628332547922,0.38375152317946676
N64,test_1040_1219,Q21_relative_l2,M3,GIFT,20260822,5.3,0.2999999999999998,180,180,0.3083869934128151,0.031128650347653688,0.3074822812607627,0.36145263450698767,0.3964978386049262
N64,test_1040_1219,Q21_relative_l2,M3,GIFT,20260822,5.4,0.40000000000000036,180,180,0.31190035510060954,0.03232613441238807,0.31157379673158847,0.3656702583988334,0.3950364769656214
N64,test_1040_1219,Q21_relative_l2,M3,GIFT,20260822,5.5,0.5,180,180,0.31013449533782145,0.03255156038778936,0.30972857047806873,0.3725683941557066,0.4101705435086205
N64,test_1040_1219,Q21_relative_l2,M3,GIFT,20260822,5.6,0.5999999999999996,180,180,0.30742705764388467,0.03361309652262796,0.3029136319995547,0.3653911270161975,0.4351544253247771
N64,test_1040_1219,Q21_relative_l2,M3,GIFT,20260822,5.7,0.7000000000000002,180,180,0.3072100070157097,0.033827293838033616,0.3038218715949603,0.3665111080917723,0.43458436710276865
N64,test_1040_1219,Q21_relative_l2,M3,GIFT,20260822,5.8,0.7999999999999998,180,180,0.3079235364563393,0.036273932419272466,0.30893102726809196,0.3678244164196007,0.4162467820837495
N64,test_1040_1219,Q21_relative_l2,M3,GIFT,20260822,5.9,0.9000000000000004,180,180,0.30796670425522127,0.03591034431004726,0.30670586791650906,0.36862941363394985,0.4334258549706043
N64,test_1040_1219,Q21_relative_l2,M3,GIFT,20260822,6.0,1.0,180,180,0.3053225540009586,0.03374138886911189,0.30588620805597977,0.3613614360195168,0.4144696435337551
N64,test_1040_1219,P22_31_relative_l2,M3,GIFT,20260822,5.0,0.0,180,180,0.0,0.0,0.0,0.0,0.0
N64,test_1040_1219,P22_31_relative_l2,M3,GIFT,20260822,5.1,0.09999999999999964,180,180,0.24479760379721233,0.02557593764691529,0.24132394074796565,0.2902560187915638,0.346676139742129
N64,test_1040_1219,P22_31_relative_l2,M3,GIFT,20260822,5.2,0.20000000000000018,180,180,0.2928392952903941,0.02964845017815814,0.29076300358592644,0.34566958443996365,0.3870059464232394
N64,test_1040_1219,P22_31_relative_l2,M3,GIFT,20260822,5.3,0.2999999999999998,180,180,0.30113659621701017,0.030392969921694345,0.30021090761093233,0.3482855972367972,0.4043182616082521
N64,test_1040_1219,P22_31_relative_l2,M3,GIFT,20260822,5.4,0.40000000000000036,180,180,0.3042437687795395,0.030086793862352447,0.30248194469118406,0.3519751093043046,0.3844445176992895
N64,test_1040_1219,P22_31_relative_l2,M3,GIFT,20260822,5.5,0.5,180,180,0.30314019174081575,0.03142464221288771,0.30016528097800366,0.3598083436791094,0.4078055591978114
N64,test_1040_1219,P22_31_relative_l2,M3,GIFT,20260822,5.6,0.5999999999999996,180,180,0.3001023148839392,0.032863219438739634,0.29866562978551087,0.34970281115870383,0.4238432386327053
N64,test_1040_1219,P22_31_relative_l2,M3,GIFT,20260822,5.7,0.7000000000000002,180,180,0.298915971691957,0.03419869385341774,0.296653789245191,0.3534992686420642,0.4286937534332655
N64,test_1040_1219,P22_31_relative_l2,M3,GIFT,20260822,5.8,0.7999999999999998,180,180,0.29946941436896707,0.03535021520762207,0.2980077105066481,0.35993190912166084,0.40527774574739156
N64,test_1040_1219,P22_31_relative_l2,M3,GIFT,20260822,5.9,0.9000000000000004,180,180,0.29989239173740057,0.03512559122336496,0.298289846196612,0.3636242768665287,0.4293778313185836
N64,test_1040_1219,P22_31_relative_l2,M3,GIFT,20260822,6.0,1.0,180,180,0.2977876754759144,0.03273297171725357,0.2979085263724475,0.3559863590535017,0.4100445467185341
N64,test_1040_1219,outer_P31_relative_l2,M3,GIFT,20260822,5.0,0.0,180,180,0.0,0.0,0.0,0.0,0.0
N64,test_1040_1219,outer_P31_relative_l2,M3,GIFT,20260822,5.1,0.09999999999999964,180,180,0.3026171660796934,0.0660843444346688,0.2960345406739673,0.41313648555862403,0.4851978384240942
N64,test_1040_1219,outer_P31_relative_l2,M3,GIFT,20260822,5.2,0.20000000000000018,180,180,0.3607988473266052,0.08236849587301874,0.3454086437051117,0.5309942039753053,0.5908894716427956
N64,test_1040_1219,outer_P31_relative_l2,M3,GIFT,20260822,5.3,0.2999999999999998,180,180,0.3759062589287823,0.08499585934591208,0.3729715795814529,0.5239277005162222,0.8100610143302398
N64,test_1040_1219,outer_P31_relative_l2,M3,GIFT,20260822,5.4,0.40000000000000036,180,180,0.3811413799995827,0.09336582776581336,0.37524946214183674,0.5349026515631977,0.8397794778631017
N64,test_1040_1219,outer_P31_relative_l2,M3,GIFT,20260822,5.5,0.5,180,180,0.3780304055278718,0.08577813127442611,0.3759607500614289,0.5123359117769352,0.6404725826246057
N64,test_1040_1219,outer_P31_relative_l2,M3,GIFT,20260822,5.6,0.5999999999999996,180,180,0.3815138605886899,0.0837572029232265,0.38273977796909625,0.5379377016074425,0.6136415331581647
N64,test_1040_1219,outer_P31_relative_l2,M3,GIFT,20260822,5.7,0.7000000000000002,180,180,0.3869740871906901,0.08402806978948983,0.38599632967450437,0.5346481467692972,0.6569872152720349
N64,test_1040_1219,outer_P31_relative_l2,M3,GIFT,20260822,5.8,0.7999999999999998,180,180,0.38602535837702623,0.08856566527120752,0.38984049846323127,0.5241257765950055,0.6347551612520318
N64,test_1040_1219,outer_P31_relative_l2,M3,GIFT,20260822,5.9,0.9000000000000004,180,180,0.3857179103516973,0.08638353459664945,0.3813460184157027,0.5310812789260014,0.6018320932820821
N64,test_1040_1219,outer_P31_relative_l2,M3,GIFT,20260822,6.0,1.0,180,180,0.3817798611386091,0.08541360636918395,0.3752389500698471,0.5214616302253314,0.6496546351379566
N64,test_1040_1219,full_relative_l2,M3,GIFT-Lite,20260820,5.0,0.0,180,180,0.0,0.0,0.0,0.0,0.0
N64,test_1040_1219,full_relative_l2,M3,GIFT-Lite,20260820,5.1,0.09999999999999964,180,180,0.020478910896351638,0.004149122052506714,0.02041530796656463,0.027677475571038845,0.03117074702865349
N64,test_1040_1219,full_relative_l2,M3,GIFT-Lite,20260820,5.2,0.20000000000000018,180,180,0.028395100600148753,0.005792052211926026,0.02757620087949717,0.03848694718906427,0.04443553306662398
N64,test_1040_1219,full_relative_l2,M3,GIFT-Lite,20260820,5.3,0.2999999999999998,180,180,0.03208620249300974,0.0066097616442875595,0.03085574686963099,0.04427796580468797,0.05236430310065743
N64,test_1040_1219,full_relative_l2,M3,GIFT-Lite,20260820,5.4,0.40000000000000036,180,180,0.03446462671962595,0.007350337218352668,0.033092918968447155,0.048025117581691715,0.05831772983296076
N64,test_1040_1219,full_relative_l2,M3,GIFT-Lite,20260820,5.5,0.5,180,180,0.03605243453464917,0.008010820857878412,0.03529867893664164,0.05034814104085357,0.06492662423208341
N64,test_1040_1219,full_relative_l2,M3,GIFT-Lite,20260820,5.6,0.5999999999999996,180,180,0.037366233187881064,0.008607470915502327,0.03631178354594283,0.052909599835680624,0.06941759049374836
N64,test_1040_1219,full_relative_l2,M3,GIFT-Lite,20260820,5.7,0.7000000000000002,180,180,0.038389693985384415,0.009062668696585324,0.03712593389783591,0.05579525255818334,0.07053056562171064
N64,test_1040_1219,full_relative_l2,M3,GIFT-Lite,20260820,5.8,0.7999999999999998,180,180,0.03919674314280476,0.009602223609170547,0.03827759326297624,0.059112496078615594,0.0711656848685748
N64,test_1040_1219,full_relative_l2,M3,GIFT-Lite,20260820,5.9,0.9000000000000004,180,180,0.03990923064964897,0.010350405158481813,0.03863851424358443,0.05841466745781742,0.08296116314924587
N64,test_1040_1219,full_relative_l2,M3,GIFT-Lite,20260820,6.0,1.0,180,180,0.040756138744587465,0.011635496753465188,0.03887611126605342,0.058020300302079955,0.11026514259603491
N64,test_1040_1219,P21_relative_l2,M3,GIFT-Lite,20260820,5.0,0.0,180,180,0.0,0.0,0.0,0.0,0.0
N64,test_1040_1219,P21_relative_l2,M3,GIFT-Lite,20260820,5.1,0.09999999999999964,180,180,0.01384222907848391,0.0026683968895346703,0.013524372088545993,0.018393222737094383,0.021310055783388647
N64,test_1040_1219,P21_relative_l2,M3,GIFT-Lite,20260820,5.2,0.20000000000000018,180,180,0.019673789976979852,0.003819794498968168,0.01922790594780978,0.026452434793815337,0.03125966160477024
N64,test_1040_1219,P21_relative_l2,M3,GIFT-Lite,20260820,5.3,0.2999999999999998,180,180,0.023517378963714357,0.004856903502211926,0.023384475794763118,0.03232698237368923,0.038997777777504794
N64,test_1040_1219,P21_relative_l2,M3,GIFT-Lite,20260820,5.4,0.40000000000000036,180,180,0.026584074809178095,0.005942910250834935,0.025736283091281516,0.03710069184654366,0.04922045435225014
N64,test_1040_1219,P21_relative_l2,M3,GIFT-Lite,20260820,5.5,0.5,180,180,0.02897356737178206,0.006969795047610344,0.027909496705755144,0.04102820970034357,0.055381218319716964
N64,test_1040_1219,P21_relative_l2,M3,GIFT-Lite,20260820,5.6,0.5999999999999996,180,180,0.030918518078345628,0.00785757763576479,0.02894086703163868,0.04431639274575667,0.061769986812136274
N64,test_1040_1219,P21_relative_l2,M3,GIFT-Lite,20260820,5.7,0.7000000000000002,180,180,0.03248339191816991,0.008488363068603393,0.030870742352389173,0.0498509243009609,0.06346423968321178
N64,test_1040_1219,P21_relative_l2,M3,GIFT-Lite,20260820,5.8,0.7999999999999998,180,180,0.03377376409352718,0.00916967179842284,0.03209484059521736,0.05355043309959869,0.06508789301412032
N64,test_1040_1219,P21_relative_l2,M3,GIFT-Lite,20260820,5.9,0.9000000000000004,180,180,0.03495599605799211,0.010005124190472498,0.03355610006232457,0.054259232583795274,0.0810006678774642
N64,test_1040_1219,P21_relative_l2,M3,GIFT-Lite,20260820,6.0,1.0,180,180,0.036162463772263856,0.011391667793216802,0.03453667071989651,0.05377745187887211,0.10832727085105576
N64,test_1040_1219,Q21_relative_l2,M3,GIFT-Lite,20260820,5.0,0.0,180,180,0.0,0.0,0.0,0.0,0.0
N64,test_1040_1219,Q21_relative_l2,M3,GIFT-Lite,20260820,5.1,0.09999999999999964,180,180,0.4278230833364475,0.0480111848039434,0.42201062579303517,0.5156237565906763,0.5958182511054199
N64,test_1040_1219,Q21_relative_l2,M3,GIFT-Lite,20260820,5.2,0.20000000000000018,180,180,0.5922000422352637,0.06008075063095024,0.5834989352894168,0.6959020679267324,0.7919907857218809
N64,test_1040_1219,Q21_relative_l2,M3,GIFT-Lite,20260820,5.3,0.2999999999999998,180,180,0.6482341107510764,0.06643875004295437,0.6437598582979126,0.7632718935177248,0.843872070502825
N64,test_1040_1219,Q21_relative_l2,M3,GIFT-Lite,20260820,5.4,0.40000000000000036,180,180,0.6708790564929601,0.07035392958751824,0.671879413964519,0.7901066819756115,0.8676292713471256
N64,test_1040_1219,Q21_relative_l2,M3,GIFT-Lite,20260820,5.5,0.5,180,180,0.6749355226053848,0.07765097307196273,0.667877823804164,0.8013139522154328,1.1025955467262478
N64,test_1040_1219,Q21_relative_l2,M3,GIFT-Lite,20260820,5.6,0.5999999999999996,180,180,0.6765925222249072,0.077811882514733,0.6753955371568141,0.7937402950867664,1.0458811084686845
N64,test_1040_1219,Q21_relative_l2,M3,GIFT-Lite,20260820,5.7,0.7000000000000002,180,180,0.6775266175583539,0.07872712614591948,0.6746320739436389,0.8036556303955572,1.0117223068379682
N64,test_1040_1219,Q21_relative_l2,M3,GIFT-Lite,20260820,5.8,0.7999999999999998,180,180,0.6781670038278811,0.08356647940904406,0.6678803906548325,0.8297198002912408,1.0428949036515995
N64,test_1040_1219,Q21_relative_l2,M3,GIFT-Lite,20260820,5.9,0.9000000000000004,180,180,0.6772175057852571,0.08388073606486762,0.6640875368954053,0.8452170092940581,0.9686609935348092
N64,test_1040_1219,Q21_relative_l2,M3,GIFT-Lite,20260820,6.0,1.0,180,180,0.675419693038493,0.07873566258039176,0.6661865151553804,0.8222703396924358,0.962885761318537
N64,test_1040_1219,P22_31_relative_l2,M3,GIFT-Lite,20260820,5.0,0.0,180,180,0.0,0.0,0.0,0.0,0.0
N64,test_1040_1219,P22_31_relative_l2,M3,GIFT-Lite,20260820,5.1,0.09999999999999964,180,180,0.4256135199876349,0.04807141824003462,0.42049240804137383,0.509444484288787,0.6016634244926933
N64,test_1040_1219,P22_31_relative_l2,M3,GIFT-Lite,20260820,5.2,0.20000000000000018,180,180,0.5891858933376167,0.0610864321116873,0.5862412856986212,0.6990814470605287,0.7773234169055392
N64,test_1040_1219,P22_31_relative_l2,M3,GIFT-Lite,20260820,5.3,0.2999999999999998,180,180,0.6412870859492934,0.06586750928894433,0.6389549519485793,0.7522907353110171,0.8502962359148597
N64,test_1040_1219,P22_31_relative_l2,M3,GIFT-Lite,20260820,5.4,0.40000000000000036,180,180,0.659188449063936,0.06430698898412789,0.661989081702768,0.7640675943897867,0.8284333256658039
N64,test_1040_1219,P22_31_relative_l2,M3,GIFT-Lite,20260820,5.5,0.5,180,180,0.6636241692257541,0.07009384957363993,0.656319246432657,0.7826598945502905,0.923887203721892
N64,test_1040_1219,P22_31_relative_l2,M3,GIFT-Lite,20260820,5.6,0.5999999999999996,180,180,0.6658494759132327,0.0717050538777725,0.6635721728492399,0.7798563819122972,0.9834534777426038
N64,test_1040_1219,P22_31_relative_l2,M3,GIFT-Lite,20260820,5.7,0.7000000000000002,180,180,0.6649938111604425,0.07558856547629453,0.6624928979705546,0.8037323302030973,0.9798414079806067
N64,test_1040_1219,P22_31_relative_l2,M3,GIFT-Lite,20260820,5.8,0.7999999999999998,180,180,0.6662322058836948,0.0811070659239996,0.6623237677088498,0.8065221110829005,1.0250225205495749
N64,test_1040_1219,P22_31_relative_l2,M3,GIFT-Lite,20260820,5.9,0.9000000000000004,180,180,0.6691135015014503,0.08111328464905411,0.6602600599505762,0.8287748147696506,0.9648114175698453
N64,test_1040_1219,P22_31_relative_l2,M3,GIFT-Lite,20260820,6.0,1.0,180,180,0.6693510380478548,0.07817475691638257,0.6574355986177429,0.8125978773019177,0.9841228932993938
N64,test_1040_1219,outer_P31_relative_l2,M3,GIFT-Lite,20260820,5.0,0.0,180,180,0.0,0.0,0.0,0.0,0.0
N64,test_1040_1219,outer_P31_relative_l2,M3,GIFT-Lite,20260820,5.1,0.09999999999999964,180,180,0.464675142400111,0.11251874876237278,0.44168669736454047,0.6654614521139675,0.8691110840941952
N64,test_1040_1219,outer_P31_relative_l2,M3,GIFT-Lite,20260820,5.2,0.20000000000000018,180,180,0.6395111916213675,0.1579495966447529,0.6090629485541349,0.962857823796582,1.182897392476984
N64,test_1040_1219,outer_P31_relative_l2,M3,GIFT-Lite,20260820,5.3,0.2999999999999998,180,180,0.7322272114522611,0.16500524393030103,0.7151233962913128,1.0515951666122565,1.3918759912879637
N64,test_1040_1219,outer_P31_relative_l2,M3,GIFT-Lite,20260820,5.4,0.40000000000000036,180,180,0.7785717107649409,0.1850276032644043,0.7390362968930805,1.1136494985683283,1.533054844646635
N64,test_1040_1219,outer_P31_relative_l2,M3,GIFT-Lite,20260820,5.5,0.5,180,180,0.7832798454244173,0.2029903539354952,0.7570610340773882,1.121290775512775,1.9741735457445866
N64,test_1040_1219,outer_P31_relative_l2,M3,GIFT-Lite,20260820,5.6,0.5999999999999996,180,180,0.7830340784840053,0.19588463609131193,0.7862112437796476,1.0436175671657595,2.1932444482793962
N64,test_1040_1219,outer_P31_relative_l2,M3,GIFT-Lite,20260820,5.7,0.7000000000000002,180,180,0.7910616007860194,0.1771625231112604,0.7881935343212714,1.0821080994448449,1.73401183421483
N64,test_1040_1219,outer_P31_relative_l2,M3,GIFT-Lite,20260820,5.8,0.7999999999999998,180,180,0.7905054482548894,0.18742256857585435,0.7637817234602648,1.12495556921915,1.3131287742471607
N64,test_1040_1219,outer_P31_relative_l2,M3,GIFT-Lite,20260820,5.9,0.9000000000000004,180,180,0.771977665652282,0.1888354658249377,0.7356248055848698,1.1463930362020724,1.3196755095093966
N64,test_1040_1219,outer_P31_relative_l2,M3,GIFT-Lite,20260820,6.0,1.0,180,180,0.7564282138584025,0.1691597409023104,0.742835445621864,1.054285773498118,1.3260904419204682
N64,test_1040_1219,full_relative_l2,M3,GIFT-Lite,20260821,5.0,0.0,180,180,0.0,0.0,0.0,0.0,0.0
N64,test_1040_1219,full_relative_l2,M3,GIFT-Lite,20260821,5.1,0.09999999999999964,180,180,0.02043106034492108,0.004113125142262898,0.020255286945291988,0.027754374129519355,0.030763418429591037
N64,test_1040_1219,full_relative_l2,M3,GIFT-Lite,20260821,5.2,0.20000000000000018,180,180,0.02823979448665156,0.005704128135812141,0.02737565945530751,0.03790685436245857,0.044985821070411915
N64,test_1040_1219,full_relative_l2,M3,GIFT-Lite,20260821,5.3,0.2999999999999998,180,180,0.031925406890971175,0.006622009128888599,0.030886363088082316,0.04385247120753025,0.0538128220813702
N64,test_1040_1219,full_relative_l2,M3,GIFT-Lite,20260821,5.4,0.40000000000000036,180,180,0.03428770461746022,0.00738438897148464,0.03292977028749069,0.046997233113553354,0.0618409464568955
N64,test_1040_1219,full_relative_l2,M3,GIFT-Lite,20260821,5.5,0.5,180,180,0.035916045313199974,0.008021881503552576,0.035345289762061714,0.050731607549469405,0.0676979050555705
N64,test_1040_1219,full_relative_l2,M3,GIFT-Lite,20260821,5.6,0.5999999999999996,180,180,0.03721532723505037,0.008632282928816612,0.03627378582585605,0.05295540999759761,0.07114713104389504
N64,test_1040_1219,full_relative_l2,M3,GIFT-Lite,20260821,5.7,0.7000000000000002,180,180,0.03825287099089235,0.009034257744224217,0.03705013939033236,0.05546385898568291,0.07133013934510389
N64,test_1040_1219,full_relative_l2,M3,GIFT-Lite,20260821,5.8,0.7999999999999998,180,180,0.0390958020252011,0.009553889634923167,0.037930827022675036,0.0588025625705935,0.07087198842850947
N64,test_1040_1219,full_relative_l2,M3,GIFT-Lite,20260821,5.9,0.9000000000000004,180,180,0.03982994530046251,0.010299533399518534,0.038341074709433876,0.0583813869754012,0.08275281844750319
N64,test_1040_1219,full_relative_l2,M3,GIFT-Lite,20260821,6.0,1.0,180,180,0.04066547992579262,0.011568613432230231,0.03881873278168179,0.05791148499083606,0.10991277045534449
N64,test_1040_1219,P21_relative_l2,M3,GIFT-Lite,20260821,5.0,0.0,180,180,0.0,0.0,0.0,0.0,0.0
N64,test_1040_1219,P21_relative_l2,M3,GIFT-Lite,20260821,5.1,0.09999999999999964,180,180,0.013842229733128493,0.002668397916098277,0.013524369578682246,0.01839322016213318,0.02131006821366765
N64,test_1040_1219,P21_relative_l2,M3,GIFT-Lite,20260821,5.2,0.20000000000000018,180,180,0.019673789529018753,0.0038197937281021646,0.019227914145536602,0.026452430246337113,0.03125967081063536
N64,test_1040_1219,P21_relative_l2,M3,GIFT-Lite,20260821,5.3,0.2999999999999998,180,180,0.02351737791078097,0.004856901735010701,0.023384468538522756,0.03232697648751379,0.038997750565910386
N64,test_1040_1219,P21_relative_l2,M3,GIFT-Lite,20260821,5.4,0.40000000000000036,180,180,0.026584072131842554,0.005942906852236988,0.02573627880145149,0.0371007021417389,0.04922042899447703
N64,test_1040_1219,P21_relative_l2,M3,GIFT-Lite,20260821,5.5,0.5,180,180,0.028973562539179515,0.00696979148560558,0.027909489495587463,0.041028138008889846,0.05538120115185454
N64,test_1040_1219,P21_relative_l2,M3,GIFT-Lite,20260821,5.6,0.5999999999999996,180,180,0.030918510284382656,0.007857571352292932,0.028940811105404328,0.04431641496109239,0.061769949278213936
N64,test_1040_1219,P21_relative_l2,M3,GIFT-Lite,20260821,5.7,0.7000000000000002,180,180,0.032483384570279876,0.008488354374220146,0.03087066293949078,0.04985115678860671,0.06346421838793431
N64,test_1040_1219,P21_relative_l2,M3,GIFT-Lite,20260821,5.8,0.7999999999999998,180,180,0.03377375608782677,0.009169662237828814,0.03209479341107378,0.05355028828871075,0.06508732504054823
N64,test_1040_1219,P21_relative_l2,M3,GIFT-Lite,20260821,5.9,0.9000000000000004,180,180,0.03495598892499555,0.010005118057503249,0.03355605859754414,0.05425934835769324,0.08100123825563538
N64,test_1040_1219,P21_relative_l2,M3,GIFT-Lite,20260821,6.0,1.0,180,180,0.03616245979649138,0.011391671094805102,0.03453648777638704,0.053777622840515446,0.10832811581841653
N64,test_1040_1219,Q21_relative_l2,M3,GIFT-Lite,20260821,5.0,0.0,180,180,0.0,0.0,0.0,0.0,0.0
N64,test_1040_1219,Q21_relative_l2,M3,GIFT-Lite,20260821,5.1,0.09999999999999964,180,180,0.4262397010949147,0.047100580569214935,0.418516554632421,0.5109022198032588,0.5771392446102328
N64,test_1040_1219,Q21_relative_l2,M3,GIFT-Lite,20260821,5.2,0.20000000000000018,180,180,0.5862578066984405,0.055356462663798844,0.5851153579707782,0.676744031654035,0.7602671007081984
N64,test_1040_1219,Q21_relative_l2,M3,GIFT-Lite,20260821,5.3,0.2999999999999998,180,180,0.6408885253602118,0.06345600777989337,0.6362819574277154,0.7502423023987003,0.8147139930571667
N64,test_1040_1219,Q21_relative_l2,M3,GIFT-Lite,20260821,5.4,0.40000000000000036,180,180,0.6626988401651451,0.06689379868553613,0.6648574983670335,0.7694448872760772,0.8575957521565241
N64,test_1040_1219,Q21_relative_l2,M3,GIFT-Lite,20260821,5.5,0.5,180,180,0.6688062860311921,0.07038107272062809,0.6625219485539452,0.7834267328337684,1.004730624398898
N64,test_1040_1219,Q21_relative_l2,M3,GIFT-Lite,20260821,5.6,0.5999999999999996,180,180,0.6694722073326318,0.07622577697713831,0.6602514811242974,0.7720913753072057,1.0823893730427627
N64,test_1040_1219,Q21_relative_l2,M3,GIFT-Lite,20260821,5.7,0.7000000000000002,180,180,0.6717137727338023,0.07909046428057252,0.6675556083513592,0.7980406045634879,1.0451389884854747
N64,test_1040_1219,Q21_relative_l2,M3,GIFT-Lite,20260821,5.8,0.7999999999999998,180,180,0.6733288200495864,0.0808405757903911,0.663277868634954,0.827242441450168,1.0183076122690573
N64,test_1040_1219,Q21_relative_l2,M3,GIFT-Lite,20260821,5.9,0.9000000000000004,180,180,0.6718285502122694,0.081734215775573,0.6609345976529777,0.8247141017919576,0.9495348410210834
N64,test_1040_1219,Q21_relative_l2,M3,GIFT-Lite,20260821,6.0,1.0,180,180,0.6688127537276846,0.07751854063776564,0.6581167297900261,0.8085708859050049,0.9112443149575444
N64,test_1040_1219,P22_31_relative_l2,M3,GIFT-Lite,20260821,5.0,0.0,180,180,0.0,0.0,0.0,0.0,0.0
N64,test_1040_1219,P22_31_relative_l2,M3,GIFT-Lite,20260821,5.1,0.09999999999999964,180,180,0.4239539570757378,0.04655194178178305,0.4176446097731652,0.5092253847553125,0.574998853864663
N64,test_1040_1219,P22_31_relative_l2,M3,GIFT-Lite,20260821,5.2,0.20000000000000018,180,180,0.5852048526792147,0.05984588336909072,0.5798803413009661,0.694618327754971,0.7671994745229311
N64,test_1040_1219,P22_31_relative_l2,M3,GIFT-Lite,20260821,5.3,0.2999999999999998,180,180,0.6358920263528124,0.06592069974206034,0.6311021060427202,0.7441751615169777,0.8846119005862764
N64,test_1040_1219,P22_31_relative_l2,M3,GIFT-Lite,20260821,5.4,0.40000000000000036,180,180,0.6541096305351292,0.06376196585749899,0.6521346436905319,0.7665781468065694,0.8751221956113999
N64,test_1040_1219,P22_31_relative_l2,M3,GIFT-Lite,20260821,5.5,0.5,180,180,0.6608764516905499,0.06873189604170506,0.6554519986211284,0.7794806262054425,1.0025613020210613
N64,test_1040_1219,P22_31_relative_l2,M3,GIFT-Lite,20260821,5.6,0.5999999999999996,180,180,0.6617503740986529,0.07464095582993484,0.6546498354601943,0.779514133293803,1.049737565701177
N64,test_1040_1219,P22_31_relative_l2,M3,GIFT-Lite,20260821,5.7,0.7000000000000002,180,180,0.6633404513071234,0.07894955279913397,0.6553952295408919,0.7947999477918972,1.0137775616392308
N64,test_1040_1219,P22_31_relative_l2,M3,GIFT-Lite,20260821,5.8,0.7999999999999998,180,180,0.6646679280981873,0.08081763845000713,0.6536253645575393,0.8154099257267667,1.0089881994315346
N64,test_1040_1219,P22_31_relative_l2,M3,GIFT-Lite,20260821,5.9,0.9000000000000004,180,180,0.6655453601143724,0.08023118346209518,0.6549966957628037,0.8172660513702397,0.9460786273566614
N64,test_1040_1219,P22_31_relative_l2,M3,GIFT-Lite,20260821,6.0,1.0,180,180,0.6632537033206335,0.07609025964376934,0.6504795449008502,0.805920208358576,0.9210824110553529
N64,test_1040_1219,outer_P31_relative_l2,M3,GIFT-Lite,20260821,5.0,0.0,180,180,0.0,0.0,0.0,0.0,0.0
N64,test_1040_1219,outer_P31_relative_l2,M3,GIFT-Lite,20260821,5.1,0.09999999999999964,180,180,0.4643947311292562,0.11534820400532991,0.44970639259295914,0.6577936016297218,0.8978819764261116
N64,test_1040_1219,outer_P31_relative_l2,M3,GIFT-Lite,20260821,5.2,0.20000000000000018,180,180,0.6212876128266434,0.13178386933938407,0.6100514398626184,0.8649363641882153,1.0541740124574777
N64,test_1040_1219,outer_P31_relative_l2,M3,GIFT-Lite,20260821,5.3,0.2999999999999998,180,180,0.7107763540065287,0.14408803492822142,0.7054757514045478,0.9359004002631442,1.1972636582694747
N64,test_1040_1219,outer_P31_relative_l2,M3,GIFT-Lite,20260821,5.4,0.40000000000000036,180,180,0.7505151900701811,0.16153800549534167,0.7332520444724182,1.0400179583127975,1.2821798775454447
N64,test_1040_1219,outer_P31_relative_l2,M3,GIFT-Lite,20260821,5.5,0.5,180,180,0.7546810768446207,0.1604749197635205,0.7393121583587299,1.0317796843702456,1.2074078947021805
N64,test_1040_1219,outer_P31_relative_l2,M3,GIFT-Lite,20260821,5.6,0.5999999999999996,180,180,0.7561133291100769,0.15193344327368816,0.7514244538545383,1.0085048463087807,1.271109744707152
N64,test_1040_1219,outer_P31_relative_l2,M3,GIFT-Lite,20260821,5.7,0.7000000000000002,180,180,0.7612495510202049,0.15135866782397744,0.7650803306274491,0.9619776741152815,1.3844266107565968
N64,test_1040_1219,outer_P31_relative_l2,M3,GIFT-Lite,20260821,5.8,0.7999999999999998,180,180,0.7625932085966206,0.15471490128691254,0.7549591756788252,1.0103074161421537,1.2643476520669104
N64,test_1040_1219,outer_P31_relative_l2,M3,GIFT-Lite,20260821,5.9,0.9000000000000004,180,180,0.750299386099608,0.15951214630952235,0.7306719704017608,1.0241440043107817,1.2572838364657628
N64,test_1040_1219,outer_P31_relative_l2,M3,GIFT-Lite,20260821,6.0,1.0,180,180,0.7421797172168637,0.1564823455857024,0.7313214541778432,1.0033891790123646,1.2594416029752313
N64,test_1040_1219,full_relative_l2,M3,GIFT-Lite,20260822,5.0,0.0,180,180,0.0,0.0,0.0,0.0,0.0
N64,test_1040_1219,full_relative_l2,M3,GIFT-Lite,20260822,5.1,0.09999999999999964,180,180,0.020500983766580567,0.004133403302648992,0.020375961739064218,0.02799166180167629,0.03141460963772939
N64,test_1040_1219,full_relative_l2,M3,GIFT-Lite,20260822,5.2,0.20000000000000018,180,180,0.028444981028537035,0.005745260314550217,0.02760528290149219,0.03839838291479752,0.04452878195991907
N64,test_1040_1219,full_relative_l2,M3,GIFT-Lite,20260822,5.3,0.2999999999999998,180,180,0.03220520274930429,0.006646136210961448,0.031182557764772866,0.04407207759881582,0.053600128800374194
N64,test_1040_1219,full_relative_l2,M3,GIFT-Lite,20260822,5.4,0.40000000000000036,180,180,0.03458392615603824,0.007340871868722333,0.03321215017421954,0.04806632522357673,0.05830728954458267
N64,test_1040_1219,full_relative_l2,M3,GIFT-Lite,20260822,5.5,0.5,180,180,0.036213223976170626,0.00796859774877524,0.03529608190001103,0.05002965492160265,0.0655914816656361
N64,test_1040_1219,full_relative_l2,M3,GIFT-Lite,20260822,5.6,0.5999999999999996,180,180,0.037563387243815104,0.008605045487920354,0.0367033810809428,0.05313118663679977,0.07069174247012393
N64,test_1040_1219,full_relative_l2,M3,GIFT-Lite,20260822,5.7,0.7000000000000002,180,180,0.03857381137395175,0.009085020637198883,0.03728132174859873,0.05659773300642459,0.07207798467870638
N64,test_1040_1219,full_relative_l2,M3,GIFT-Lite,20260822,5.8,0.7999999999999998,180,180,0.039337871302779576,0.0096198413791748,0.03830079030696054,0.05948017494397808,0.07208379415303653
N64,test_1040_1219,full_relative_l2,M3,GIFT-Lite,20260822,5.9,0.9000000000000004,180,180,0.040036402509841286,0.010365491474142506,0.0385198267674039,0.05846683097776999,0.08294130124226998
N64,test_1040_1219,full_relative_l2,M3,GIFT-Lite,20260822,6.0,1.0,180,180,0.04086851508641563,0.011660848625659095,0.03877977581037952,0.05783887529542741,0.10999563416879903
N64,test_1040_1219,P21_relative_l2,M3,GIFT-Lite,20260822,5.0,0.0,180,180,0.0,0.0,0.0,0.0,0.0
N64,test_1040_1219,P21_relative_l2,M3,GIFT-Lite,20260822,5.1,0.09999999999999964,180,180,0.013842229997631995,0.002668397287534738,0.01352436619366477,0.018393215353775236,0.021310059533947694
N64,test_1040_1219,P21_relative_l2,M3,GIFT-Lite,20260822,5.2,0.20000000000000018,180,180,0.019673789255859882,0.0038197942477992317,0.019227901582948213,0.02645241478151124,0.03125966964279184
N64,test_1040_1219,P21_relative_l2,M3,GIFT-Lite,20260822,5.3,0.2999999999999998,180,180,0.023517378862156917,0.004856903368696336,0.0233844800045208,0.03232697121154883,0.038997737154868845
N64,test_1040_1219,P21_relative_l2,M3,GIFT-Lite,20260822,5.4,0.40000000000000036,180,180,0.026584072194463754,0.005942908569312153,0.025736308004640378,0.037100688098896474,0.04922041066067629
N64,test_1040_1219,P21_relative_l2,M3,GIFT-Lite,20260822,5.5,0.5,180,180,0.02897356309602847,0.006969793848688821,0.027909474691204486,0.04102815657652969,0.05538111896281985
N64,test_1040_1219,P21_relative_l2,M3,GIFT-Lite,20260822,5.6,0.5999999999999996,180,180,0.030918510264518348,0.007857574851604179,0.028940873206284523,0.04431644784593878,0.061769879002990774
N64,test_1040_1219,P21_relative_l2,M3,GIFT-Lite,20260822,5.7,0.7000000000000002,180,180,0.0324833840762832,0.00848835804853079,0.030870736276879154,0.04985090166281018,0.06346412048805775
N64,test_1040_1219,P21_relative_l2,M3,GIFT-Lite,20260822,5.8,0.7999999999999998,180,180,0.03377375774245926,0.00916966118152112,0.03209480684392454,0.053550268575483555,0.065087372104737
N64,test_1040_1219,P21_relative_l2,M3,GIFT-Lite,20260822,5.9,0.9000000000000004,180,180,0.03495599511694139,0.010005110188240327,0.03355615436664129,0.054259364086425205,0.0810006633872931
N64,test_1040_1219,P21_relative_l2,M3,GIFT-Lite,20260822,6.0,1.0,180,180,0.036162466653510236,0.011391652765863165,0.0345366650601885,0.05377769196354389,0.10832735445187625
N64,test_1040_1219,Q21_relative_l2,M3,GIFT-Lite,20260822,5.0,0.0,180,180,0.0,0.0,0.0,0.0,0.0
N64,test_1040_1219,Q21_relative_l2,M3,GIFT-Lite,20260822,5.1,0.09999999999999964,180,180,0.4288213082686331,0.0465750499643093,0.4209589694230038,0.5162692775425995,0.5834199760887816
N64,test_1040_1219,Q21_relative_l2,M3,GIFT-Lite,20260822,5.2,0.20000000000000018,180,180,0.5946495559921975,0.05691551789351795,0.5856100887309597,0.6918370599989031,0.7753153823810646
N64,test_1040_1219,Q21_relative_l2,M3,GIFT-Lite,20260822,5.3,0.2999999999999998,180,180,0.6534440297432584,0.0666505782083392,0.6513841345873292,0.7678194016276658,0.8594927472857704
N64,test_1040_1219,Q21_relative_l2,M3,GIFT-Lite,20260822,5.4,0.40000000000000036,180,180,0.6771509969047901,0.06955595954655158,0.6821521033441695,0.7822058909379977,0.9114773427203096
N64,test_1040_1219,Q21_relative_l2,M3,GIFT-Lite,20260822,5.5,0.5,180,180,0.6846501916632821,0.06854081216023022,0.6799446348011733,0.8135459120449279,0.918598746624004
N64,test_1040_1219,Q21_relative_l2,M3,GIFT-Lite,20260822,5.6,0.5999999999999996,180,180,0.6898461990702361,0.07521096861077184,0.6865564818062813,0.8331916262436608,1.0031062471699168
N64,test_1040_1219,Q21_relative_l2,M3,GIFT-Lite,20260822,5.7,0.7000000000000002,180,180,0.6913491816570303,0.08267549155049898,0.6878140886838837,0.8202517524011811,1.0539424341460766
N64,test_1040_1219,Q21_relative_l2,M3,GIFT-Lite,20260822,5.8,0.7999999999999998,180,180,0.6894688085460242,0.08732856011434113,0.6697456867145993,0.8317529055112743,1.1168822451606122
N64,test_1040_1219,Q21_relative_l2,M3,GIFT-Lite,20260822,5.9,0.9000000000000004,180,180,0.6863112982652454,0.0837728551993963,0.6695272341779319,0.8209928045189155,1.024005215407859
N64,test_1040_1219,Q21_relative_l2,M3,GIFT-Lite,20260822,6.0,1.0,180,180,0.6831018711819395,0.0776169201609565,0.6792079835771356,0.8160604241871668,0.9607326088475099
N64,test_1040_1219,P22_31_relative_l2,M3,GIFT-Lite,20260822,5.0,0.0,180,180,0.0,0.0,0.0,0.0,0.0
N64,test_1040_1219,P22_31_relative_l2,M3,GIFT-Lite,20260822,5.1,0.09999999999999964,180,180,0.4264274437085739,0.04695212363665545,0.4251862737700454,0.5113732934070248,0.5855246893918402
N64,test_1040_1219,P22_31_relative_l2,M3,GIFT-Lite,20260822,5.2,0.20000000000000018,180,180,0.5931255940889737,0.06012091896957667,0.5862470512988054,0.6956488255738212,0.7769850506320939
N64,test_1040_1219,P22_31_relative_l2,M3,GIFT-Lite,20260822,5.3,0.2999999999999998,180,180,0.64784113054901,0.06650185991446084,0.6457588413736666,0.7506057719513674,0.9023874520128446
N64,test_1040_1219,P22_31_relative_l2,M3,GIFT-Lite,20260822,5.4,0.40000000000000036,180,180,0.6671652790248521,0.06380806960104088,0.6702864776474294,0.7718832608810104,0.8862596553266282
N64,test_1040_1219,P22_31_relative_l2,M3,GIFT-Lite,20260822,5.5,0.5,180,180,0.6761192445927017,0.06744691377995192,0.6706390857450696,0.8053594847114104,0.9111008966141318
N64,test_1040_1219,P22_31_relative_l2,M3,GIFT-Lite,20260822,5.6,0.5999999999999996,180,180,0.6817650703109012,0.0750880934398244,0.6802670535126771,0.809605406537926,1.0132820128345716
N64,test_1040_1219,P22_31_relative_l2,M3,GIFT-Lite,20260822,5.7,0.7000000000000002,180,180,0.6816531257373591,0.08129426339259818,0.6752623879440594,0.8194575641466568,1.006369408305462
N64,test_1040_1219,P22_31_relative_l2,M3,GIFT-Lite,20260822,5.8,0.7999999999999998,180,180,0.6797130572848044,0.08374378533017372,0.6629009333155347,0.8215642656183272,1.0732183340566293
N64,test_1040_1219,P22_31_relative_l2,M3,GIFT-Lite,20260822,5.9,0.9000000000000004,180,180,0.6795229563061601,0.08021399919525041,0.6680259438047529,0.8054918768935548,0.9884091765531384
N64,test_1040_1219,P22_31_relative_l2,M3,GIFT-Lite,20260822,6.0,1.0,180,180,0.6768903038450766,0.07543837280537824,0.6722493903414062,0.8205342138673286,0.9211624081488795
N64,test_1040_1219,outer_P31_relative_l2,M3,GIFT-Lite,20260822,5.0,0.0,180,180,0.0,0.0,0.0,0.0,0.0
N64,test_1040_1219,outer_P31_relative_l2,M3,GIFT-Lite,20260822,5.1,0.09999999999999964,180,180,0.466184681107241,0.10583767663344935,0.4616154974929877,0.6466877927612602,0.7558692347296556
N64,test_1040_1219,outer_P31_relative_l2,M3,GIFT-Lite,20260822,5.2,0.20000000000000018,180,180,0.6377956823897405,0.15319736611447338,0.6266597997308816,0.8888053830647156,1.4099250229041382
N64,test_1040_1219,outer_P31_relative_l2,M3,GIFT-Lite,20260822,5.3,0.2999999999999998,180,180,0.7301579193387454,0.17425216068069077,0.7126192246193341,1.0504020665928868,1.6123934174764525
N64,test_1040_1219,outer_P31_relative_l2,M3,GIFT-Lite,20260822,5.4,0.40000000000000036,180,180,0.7755896133772939,0.19540556465496217,0.7455915070143496,1.1081233932655565,1.7372675457005793
N64,test_1040_1219,outer_P31_relative_l2,M3,GIFT-Lite,20260822,5.5,0.5,180,180,0.7819128676756535,0.18271563895449586,0.7667441828400993,1.1244140742401174,1.52691192523591
N64,test_1040_1219,outer_P31_relative_l2,M3,GIFT-Lite,20260822,5.6,0.5999999999999996,180,180,0.784470112929428,0.17463989599987462,0.7694166579517713,1.088808523737862,1.4823687256624405
N64,test_1040_1219,outer_P31_relative_l2,M3,GIFT-Lite,20260822,5.7,0.7000000000000002,180,180,0.7934543918852932,0.17607461915845754,0.7724502800376227,1.096802919184222,1.5114567715219083
N64,test_1040_1219,outer_P31_relative_l2,M3,GIFT-Lite,20260822,5.8,0.7999999999999998,180,180,0.7867461643940171,0.18003606118356155,0.7740261010258893,1.1515687590593175,1.4564226215752947
N64,test_1040_1219,outer_P31_relative_l2,M3,GIFT-Lite,20260822,5.9,0.9000000000000004,180,180,0.7699020636364076,0.1755904681747562,0.7475972456441596,1.0798859723758998,1.3679615149590325
N64,test_1040_1219,outer_P31_relative_l2,M3,GIFT-Lite,20260822,6.0,1.0,180,180,0.7632531188427865,0.16541230099251483,0.7644443468704746,1.0393158002012257,1.5763935940006786
N64,test_1040_1219,full_relative_l2,M3,FNO-2D,fixed,5.0,0.0,180,180,0.0,0.0,0.0,0.0,0.0
N64,test_1040_1219,full_relative_l2,M3,FNO-2D,fixed,5.1,0.09999999999999964,180,180,0.17504290341659937,0.023757242241329916,0.17495795778861067,0.2164279306895829,0.23735491064267267
N64,test_1040_1219,full_relative_l2,M3,FNO-2D,fixed,5.2,0.20000000000000018,180,180,0.1914722598401026,0.025117307508337842,0.19109095475975024,0.23221717780843462,0.2729528540862751
N64,test_1040_1219,full_relative_l2,M3,FNO-2D,fixed,5.3,0.2999999999999998,180,180,0.20207735181220127,0.026551999162993726,0.20226958082269758,0.24330605203970973,0.3369795292773582
N64,test_1040_1219,full_relative_l2,M3,FNO-2D,fixed,5.4,0.40000000000000036,180,180,0.21380490363934315,0.02931595046018399,0.21171166293561527,0.2542336919943752,0.4043945076561762
N64,test_1040_1219,full_relative_l2,M3,FNO-2D,fixed,5.5,0.5,180,180,0.22103797642845188,0.032016338294039305,0.2183893340805873,0.265938408313105,0.4476752262958789
N64,test_1040_1219,full_relative_l2,M3,FNO-2D,fixed,5.6,0.5999999999999996,180,180,0.22975445292078578,0.033829044172433924,0.22605901517879667,0.2763309929200932,0.471127479107117
N64,test_1040_1219,full_relative_l2,M3,FNO-2D,fixed,5.7,0.7000000000000002,180,180,0.2386428548580696,0.03503392503174901,0.23612729618384984,0.28507380033989693,0.4798157698436997
N64,test_1040_1219,full_relative_l2,M3,FNO-2D,fixed,5.8,0.7999999999999998,180,180,0.24961894596079273,0.03701351229810314,0.24766916457237925,0.3025898129605614,0.4832391093454893
N64,test_1040_1219,full_relative_l2,M3,FNO-2D,fixed,5.9,0.9000000000000004,180,180,0.2595297967119158,0.03933596088714175,0.25613890878411105,0.32387890670181946,0.4701183120615112
N64,test_1040_1219,full_relative_l2,M3,FNO-2D,fixed,6.0,1.0,180,180,0.2714673043535317,0.04223018247005504,0.26672827049916326,0.34717658287690906,0.46039829470389787
N64,test_1040_1219,P21_relative_l2,M3,FNO-2D,fixed,5.0,0.0,180,180,0.0,0.0,0.0,0.0,0.0
N64,test_1040_1219,P21_relative_l2,M3,FNO-2D,fixed,5.1,0.09999999999999964,180,180,0.1703630226558957,0.023243746501479274,0.17033604735478364,0.21173772020947015,0.23146948184252794
N64,test_1040_1219,P21_relative_l2,M3,FNO-2D,fixed,5.2,0.20000000000000018,180,180,0.18735911703333735,0.024601891188521206,0.18712184433099582,0.22873263936066712,0.26897017099537324
N64,test_1040_1219,P21_relative_l2,M3,FNO-2D,fixed,5.3,0.2999999999999998,180,180,0.1984910459812941,0.02608998665514034,0.19860936479655214,0.23921520209683197,0.33386799511086196
N64,test_1040_1219,P21_relative_l2,M3,FNO-2D,fixed,5.4,0.40000000000000036,180,180,0.21069053940927734,0.028981696659512786,0.20890659304375375,0.2507505278312645,0.40211973367656995
N64,test_1040_1219,P21_relative_l2,M3,FNO-2D,fixed,5.5,0.5,180,180,0.21823682011137893,0.03175030809143363,0.21530011724780623,0.26341447320718575,0.44560456896344025
N64,test_1040_1219,P21_relative_l2,M3,FNO-2D,fixed,5.6,0.5999999999999996,180,180,0.22723358522076104,0.03359952961362613,0.22341535447668112,0.273921396868321,0.46870372969895746
N64,test_1040_1219,P21_relative_l2,M3,FNO-2D,fixed,5.7,0.7000000000000002,180,180,0.23636584292145685,0.034830669377586464,0.23416549181056573,0.28292590097331427,0.47734816745155007
N64,test_1040_1219,P21_relative_l2,M3,FNO-2D,fixed,5.8,0.7999999999999998,180,180,0.24756194486627942,0.036863471614340414,0.24584041375821736,0.29984236745446424,0.48112944348303405
N64,test_1040_1219,P21_relative_l2,M3,FNO-2D,fixed,5.9,0.9000000000000004,180,180,0.2576499199532406,0.03918373668644578,0.25451990431146687,0.3197099328374279,0.46801249111603027
N64,test_1040_1219,P21_relative_l2,M3,FNO-2D,fixed,6.0,1.0,180,180,0.2697642262498246,0.04209235270587995,0.2648385913552449,0.34495057485602115,0.45833858517126
N64,test_1040_1219,Q21_relative_l2,M3,FNO-2D,fixed,5.0,0.0,180,180,0.0,0.0,0.0,0.0,0.0
N64,test_1040_1219,Q21_relative_l2,M3,FNO-2D,fixed,5.1,0.09999999999999964,180,180,1.1552073798142166,0.07307968595671643,1.1557224884231843,1.266670352446847,1.3654903797723756
N64,test_1040_1219,Q21_relative_l2,M3,FNO-2D,fixed,5.2,0.20000000000000018,180,180,1.1592662718048288,0.06264854199203075,1.1600548762223408,1.2685832340390517,1.4438452832460618
N64,test_1040_1219,Q21_relative_l2,M3,FNO-2D,fixed,5.3,0.2999999999999998,180,180,1.1439603236932676,0.05985043993545046,1.138259139576343,1.2498987281260765,1.3667426998158407
N64,test_1040_1219,Q21_relative_l2,M3,FNO-2D,fixed,5.4,0.40000000000000036,180,180,1.1380336977160965,0.05825297878330907,1.1266692696131098,1.2405602991855116,1.3519871463079214
N64,test_1040_1219,Q21_relative_l2,M3,FNO-2D,fixed,5.5,0.5,180,180,1.1358668452579717,0.05614107814456006,1.1319529924435519,1.2526675617705174,1.313991509383481
N64,test_1040_1219,Q21_relative_l2,M3,FNO-2D,fixed,5.6,0.5999999999999996,180,180,1.1322698493035892,0.0558757170488561,1.1255269003646473,1.2407291601778014,1.3167319655925411
N64,test_1040_1219,Q21_relative_l2,M3,FNO-2D,fixed,5.7,0.7000000000000002,180,180,1.1321310342911468,0.0569837440918125,1.1255718190934139,1.2320167457232174,1.3752069285544146
N64,test_1040_1219,Q21_relative_l2,M3,FNO-2D,fixed,5.8,0.7999999999999998,180,180,1.1345775678653078,0.058151703906561505,1.129851071954903,1.235338497731493,1.4253558507125503
N64,test_1040_1219,Q21_relative_l2,M3,FNO-2D,fixed,5.9,0.9000000000000004,180,180,1.1407896261402626,0.057507721273920565,1.1322924737780693,1.2384552874285977,1.348372959934239
N64,test_1040_1219,Q21_relative_l2,M3,FNO-2D,fixed,6.0,1.0,180,180,1.1428203746160013,0.05871500431410926,1.1380842806609621,1.2539399256051937,1.4029515911712487
N64,test_1040_1219,P22_31_relative_l2,M3,FNO-2D,fixed,5.0,0.0,180,180,0.0,0.0,0.0,0.0,0.0
N64,test_1040_1219,P22_31_relative_l2,M3,FNO-2D,fixed,5.1,0.09999999999999964,180,180,1.1722010872011528,0.06911757070439398,1.1725988590846648,1.2817931583662705,1.3937565452260001
N64,test_1040_1219,P22_31_relative_l2,M3,FNO-2D,fixed,5.2,0.20000000000000018,180,180,1.1727971527813346,0.06279273234844439,1.1698448526591432,1.2955675307805985,1.4718911056830561
N64,test_1040_1219,P22_31_relative_l2,M3,FNO-2D,fixed,5.3,0.2999999999999998,180,180,1.1554952838050512,0.06036143202293699,1.1474294105736464,1.2580033847579426,1.3683326265280453
N64,test_1040_1219,P22_31_relative_l2,M3,FNO-2D,fixed,5.4,0.40000000000000036,180,180,1.1494988606076117,0.05916764757754146,1.1369271299515689,1.2429056791061233,1.3789806647075866
N64,test_1040_1219,P22_31_relative_l2,M3,FNO-2D,fixed,5.5,0.5,180,180,1.1470801436908347,0.05742010064215097,1.141959455594615,1.2699016056717143,1.3231549574078674
N64,test_1040_1219,P22_31_relative_l2,M3,FNO-2D,fixed,5.6,0.5999999999999996,180,180,1.1416741486799737,0.05641483337001933,1.1366676973195236,1.2528206482110549,1.3190354579115384
N64,test_1040_1219,P22_31_relative_l2,M3,FNO-2D,fixed,5.7,0.7000000000000002,180,180,1.1415989601484837,0.05796182042274724,1.1352102188245659,1.2510376734529376,1.3901208149567292
N64,test_1040_1219,P22_31_relative_l2,M3,FNO-2D,fixed,5.8,0.7999999999999998,180,180,1.1439367045712863,0.058716088962788224,1.1414733484854398,1.2500003463279792,1.4248126096692515
N64,test_1040_1219,P22_31_relative_l2,M3,FNO-2D,fixed,5.9,0.9000000000000004,180,180,1.1506909252095303,0.05827240275618893,1.1400015821952576,1.2557095219415735,1.345873425864493
N64,test_1040_1219,P22_31_relative_l2,M3,FNO-2D,fixed,6.0,1.0,180,180,1.1529547571895475,0.05871612269781203,1.149886129332895,1.2555871672778889,1.4217607790048674
N64,test_1040_1219,outer_P31_relative_l2,M3,FNO-2D,fixed,5.0,0.0,180,180,0.0,0.0,0.0,0.0,0.0
N64,test_1040_1219,outer_P31_relative_l2,M3,FNO-2D,fixed,5.1,0.09999999999999964,180,180,1.0388409655238755,0.12556876130683978,1.0254842516271632,1.2309214996502535,1.6024261607459498
N64,test_1040_1219,outer_P31_relative_l2,M3,FNO-2D,fixed,5.2,0.20000000000000018,180,180,1.0712369533396828,0.10664710729248617,1.0696957274034138,1.248185433509688,1.5796271022640103
N64,test_1040_1219,outer_P31_relative_l2,M3,FNO-2D,fixed,5.3,0.2999999999999998,180,180,1.062444012058425,0.07729676839022577,1.053330942210188,1.2138973097155252,1.3448625309074624
N64,test_1040_1219,outer_P31_relative_l2,M3,FNO-2D,fixed,5.4,0.40000000000000036,180,180,1.0583309045239946,0.07022725955623654,1.0447992506537749,1.179684729968313,1.5092055004502178
N64,test_1040_1219,outer_P31_relative_l2,M3,FNO-2D,fixed,5.5,0.5,180,180,1.056760838677012,0.06344910003682412,1.043377582299906,1.176910645012007,1.4394726172989762
N64,test_1040_1219,outer_P31_relative_l2,M3,FNO-2D,fixed,5.6,0.5999999999999996,180,180,1.0626369594494813,0.06510244173844866,1.0513412444417443,1.1751177201396885,1.389659139961319
N64,test_1040_1219,outer_P31_relative_l2,M3,FNO-2D,fixed,5.7,0.7000000000000002,180,180,1.0557379739123947,0.06152370492414094,1.0443110212094582,1.182079990256303,1.3954937330347479
N64,test_1040_1219,outer_P31_relative_l2,M3,FNO-2D,fixed,5.8,0.7999999999999998,180,180,1.0644257668576111,0.07271559821196412,1.0497046042697513,1.2034485680432558,1.5056750107615653
N64,test_1040_1219,outer_P31_relative_l2,M3,FNO-2D,fixed,5.9,0.9000000000000004,180,180,1.0656245752505376,0.06582050847792605,1.0478212939213296,1.198488355726023,1.4324081722608695
N64,test_1040_1219,outer_P31_relative_l2,M3,FNO-2D,fixed,6.0,1.0,180,180,1.0693890953843097,0.07490262852179717,1.0450927822626226,1.2138722483899835,1.4202479934381007
N64,test_1040_1219,full_relative_l2,M3,FNO-3D,fixed,5.0,0.0,180,180,0.0,0.0,0.0,0.0,0.0
N64,test_1040_1219,full_relative_l2,M3,FNO-3D,fixed,5.1,0.09999999999999964,180,180,0.1685118798708076,0.02397992335188014,0.16933405445788763,0.21158882207653887,0.22585805077842236
N64,test_1040_1219,full_relative_l2,M3,FNO-3D,fixed,5.2,0.20000000000000018,180,180,0.24673906871139048,0.033823403244007746,0.25084590787932876,0.2995204278926461,0.33215479949215976
N64,test_1040_1219,full_relative_l2,M3,FNO-3D,fixed,5.3,0.2999999999999998,180,180,0.2756394422676756,0.03204768513901916,0.27522871519708647,0.3251854642748765,0.3646839813622289
N64,test_1040_1219,full_relative_l2,M3,FNO-3D,fixed,5.4,0.40000000000000036,180,180,0.29427838268998846,0.032960663414788115,0.29361667553641857,0.3469713657709512,0.41169811877873597
N64,test_1040_1219,full_relative_l2,M3,FNO-3D,fixed,5.5,0.5,180,180,0.3151749467303842,0.03518887450459967,0.31683216058724173,0.37187710912463556,0.4584938227698486
N64,test_1040_1219,full_relative_l2,M3,FNO-3D,fixed,5.6,0.5999999999999996,180,180,0.3396782534252135,0.03784068545638484,0.34180022096989304,0.39751473274108007,0.49619615397595607
N64,test_1040_1219,full_relative_l2,M3,FNO-3D,fixed,5.7,0.7000000000000002,180,180,0.3660175475707656,0.041438108956344734,0.3670418541321164,0.4324159393577572,0.5292577318525675
N64,test_1040_1219,full_relative_l2,M3,FNO-3D,fixed,5.8,0.7999999999999998,180,180,0.3932057381144225,0.04583772056774383,0.39205032361492465,0.4672465932592812,0.5572805461995667
N64,test_1040_1219,full_relative_l2,M3,FNO-3D,fixed,5.9,0.9000000000000004,180,180,0.421500871305497,0.050376518551615644,0.4188002081126968,0.5039496008531176,0.5804474131790606
N64,test_1040_1219,full_relative_l2,M3,FNO-3D,fixed,6.0,1.0,180,180,0.45068218521430425,0.05443060199486301,0.44617373968006135,0.5448834525799763,0.5991701710018671
N64,test_1040_1219,P21_relative_l2,M3,FNO-3D,fixed,5.0,0.0,180,180,0.0,0.0,0.0,0.0,0.0
N64,test_1040_1219,P21_relative_l2,M3,FNO-3D,fixed,5.1,0.09999999999999964,180,180,0.16258353023522046,0.022936745631643225,0.16406606604439836,0.20400816478270303,0.2174031672074807
N64,test_1040_1219,P21_relative_l2,M3,FNO-3D,fixed,5.2,0.20000000000000018,180,180,0.24158800537685482,0.03324932074606797,0.2453770090347473,0.29349741401829393,0.3248223578175661
N64,test_1040_1219,P21_relative_l2,M3,FNO-3D,fixed,5.3,0.2999999999999998,180,180,0.2725633017660256,0.03172651895836832,0.2725619304870411,0.32151876084043607,0.3617083567254194
N64,test_1040_1219,P21_relative_l2,M3,FNO-3D,fixed,5.4,0.40000000000000036,180,180,0.2920585314508391,0.03272972966070832,0.2914688319505413,0.3442408539978498,0.4096768911731146
N64,test_1040_1219,P21_relative_l2,M3,FNO-3D,fixed,5.5,0.5,180,180,0.31337559381743296,0.03502251460198279,0.3148554475142267,0.3704021820401352,0.4568812022651393
N64,test_1040_1219,P21_relative_l2,M3,FNO-3D,fixed,5.6,0.5999999999999996,180,180,0.33815464518987587,0.03770949946265074,0.34054663946540986,0.39529441633522755,0.4944795318010871
N64,test_1040_1219,P21_relative_l2,M3,FNO-3D,fixed,5.7,0.7000000000000002,180,180,0.36471698645606887,0.041329230087604064,0.36558244515798144,0.4309798959252075,0.527526576037606
N64,test_1040_1219,P21_relative_l2,M3,FNO-3D,fixed,5.8,0.7999999999999998,180,180,0.39209228378260436,0.04575471563243708,0.3910938617218347,0.46630648530775215,0.5558429290805889
N64,test_1040_1219,P21_relative_l2,M3,FNO-3D,fixed,5.9,0.9000000000000004,180,180,0.42054476171979566,0.050313505505550644,0.4175083432619622,0.5032090344113008,0.5793155259894451
N64,test_1040_1219,P21_relative_l2,M3,FNO-3D,fixed,6.0,1.0,180,180,0.4498628540591208,0.05439601511803497,0.4453607820161186,0.5441157973011476,0.5980996374411702
N64,test_1040_1219,Q21_relative_l2,M3,FNO-3D,fixed,5.0,0.0,180,180,0.0,0.0,0.0,0.0,0.0
N64,test_1040_1219,Q21_relative_l2,M3,FNO-3D,fixed,5.1,0.09999999999999964,180,180,1.2730193564197037,0.2333638990780531,1.2600879317922842,1.6984900954798687,1.8735641162578827
N64,test_1040_1219,Q21_relative_l2,M3,FNO-3D,fixed,5.2,0.20000000000000018,180,180,1.4844920960028616,0.20903981418612097,1.4720852838844105,1.897761618523177,2.089584362923913
N64,test_1040_1219,Q21_relative_l2,M3,FNO-3D,fixed,5.3,0.2999999999999998,180,180,1.2622178933779709,0.12307824797441265,1.2426557966600515,1.5212668140221384,1.7584332260201123
N64,test_1040_1219,Q21_relative_l2,M3,FNO-3D,fixed,5.4,0.40000000000000036,180,180,1.152718242679107,0.07130741088821613,1.13936275403203,1.3040218152760261,1.393688300460795
N64,test_1040_1219,Q21_relative_l2,M3,FNO-3D,fixed,5.5,0.5,180,180,1.1160955860710902,0.054932232697099945,1.103266282424899,1.2269597151577367,1.2730986327391083
N64,test_1040_1219,Q21_relative_l2,M3,FNO-3D,fixed,5.6,0.5999999999999996,180,180,1.1041574191359453,0.04965079207717233,1.0924336347300296,1.202496365029066,1.2828678510450815
N64,test_1040_1219,Q21_relative_l2,M3,FNO-3D,fixed,5.7,0.7000000000000002,180,180,1.0999231248433599,0.04800043846118283,1.0951144615377602,1.193898206193763,1.3192139166026366
N64,test_1040_1219,Q21_relative_l2,M3,FNO-3D,fixed,5.8,0.7999999999999998,180,180,1.095843577479504,0.04725156383405256,1.0863109316894768,1.1832780337644926,1.2687873328763664
N64,test_1040_1219,Q21_relative_l2,M3,FNO-3D,fixed,5.9,0.9000000000000004,180,180,1.095091544323021,0.04673389666774278,1.088367627386297,1.1833626983977272,1.2629054599642728
N64,test_1040_1219,Q21_relative_l2,M3,FNO-3D,fixed,6.0,1.0,180,180,1.0911505236436667,0.04396158868731627,1.0836514304830207,1.1693223815319227,1.2389560951157914
N64,test_1040_1219,P22_31_relative_l2,M3,FNO-3D,fixed,5.0,0.0,180,180,0.0,0.0,0.0,0.0,0.0
N64,test_1040_1219,P22_31_relative_l2,M3,FNO-3D,fixed,5.1,0.09999999999999964,180,180,1.3064226911922066,0.2319060795392901,1.2934483288245415,1.7164692439710858,1.9670003726332925
N64,test_1040_1219,P22_31_relative_l2,M3,FNO-3D,fixed,5.2,0.20000000000000018,180,180,1.5162725040856442,0.20991116152083675,1.502321097512267,1.923500999040674,2.1783130954024523
N64,test_1040_1219,P22_31_relative_l2,M3,FNO-3D,fixed,5.3,0.2999999999999998,180,180,1.280138965264477,0.12470000225252466,1.2627867011394336,1.5322447549945442,1.7910525857753088
N64,test_1040_1219,P22_31_relative_l2,M3,FNO-3D,fixed,5.4,0.40000000000000036,180,180,1.1647203542410036,0.07234079267733481,1.1539853512203377,1.3137877717558333,1.3915603052475845
N64,test_1040_1219,P22_31_relative_l2,M3,FNO-3D,fixed,5.5,0.5,180,180,1.1257744946146124,0.055200080926700174,1.1131975250159258,1.23017864074715,1.3079849142188786
N64,test_1040_1219,P22_31_relative_l2,M3,FNO-3D,fixed,5.6,0.5999999999999996,180,180,1.1117612303389106,0.050009182738384964,1.0994622495257316,1.2042537497141415,1.293521090621373
N64,test_1040_1219,P22_31_relative_l2,M3,FNO-3D,fixed,5.7,0.7000000000000002,180,180,1.1066069229789317,0.04919598782249534,1.1016203017955588,1.202311638581731,1.327439143498061
N64,test_1040_1219,P22_31_relative_l2,M3,FNO-3D,fixed,5.8,0.7999999999999998,180,180,1.1023843159406657,0.04847766959770825,1.092100192832927,1.1834268379375723,1.2744989655074337
N64,test_1040_1219,P22_31_relative_l2,M3,FNO-3D,fixed,5.9,0.9000000000000004,180,180,1.1021197856383864,0.048444209284691966,1.0947495028219936,1.1980110230355345,1.2643963360277952
N64,test_1040_1219,P22_31_relative_l2,M3,FNO-3D,fixed,6.0,1.0,180,180,1.098047859144004,0.04545298315649363,1.088459814736201,1.1829765840592195,1.2515651049100318
N64,test_1040_1219,outer_P31_relative_l2,M3,FNO-3D,fixed,5.0,0.0,180,180,0.0,0.0,0.0,0.0,0.0
N64,test_1040_1219,outer_P31_relative_l2,M3,FNO-3D,fixed,5.1,0.09999999999999964,180,180,1.0243819118569553,0.3206345343155141,0.9668436744855772,1.582540021566183,2.1762265150040316
N64,test_1040_1219,outer_P31_relative_l2,M3,FNO-3D,fixed,5.2,0.20000000000000018,180,180,1.2620775679744536,0.2860844816641509,1.2163492207826474,1.7808559644050717,2.170017560699514
N64,test_1040_1219,outer_P31_relative_l2,M3,FNO-3D,fixed,5.3,0.2999999999999998,180,180,1.13201824661492,0.14226514656449232,1.1161411781907349,1.405118106764429,1.6208574959191455
N64,test_1040_1219,outer_P31_relative_l2,M3,FNO-3D,fixed,5.4,0.40000000000000036,180,180,1.0653444957777698,0.08384948371499007,1.0498112202374932,1.2012332444807188,1.5698343308005582
N64,test_1040_1219,outer_P31_relative_l2,M3,FNO-3D,fixed,5.5,0.5,180,180,1.0486709163574583,0.06178118786527915,1.0375238548618038,1.1605252453924344,1.3532888143328223
N64,test_1040_1219,outer_P31_relative_l2,M3,FNO-3D,fixed,5.6,0.5999999999999996,180,180,1.0470765651127614,0.053301200576050596,1.0341779834610028,1.1465280367326969,1.3477378004881875
N64,test_1040_1219,outer_P31_relative_l2,M3,FNO-3D,fixed,5.7,0.7000000000000002,180,180,1.0450746351023412,0.05032228151193572,1.0347495595067895,1.1329501079796716,1.3150687486712662
N64,test_1040_1219,outer_P31_relative_l2,M3,FNO-3D,fixed,5.8,0.7999999999999998,180,180,1.046134211700269,0.04842505480368092,1.0372824852236917,1.1239261398358533,1.2783960958869889
N64,test_1040_1219,outer_P31_relative_l2,M3,FNO-3D,fixed,5.9,0.9000000000000004,180,180,1.0454479899141607,0.059065345334724774,1.0289153119548828,1.1432933207730873,1.3970738082087675
N64,test_1040_1219,outer_P31_relative_l2,M3,FNO-3D,fixed,6.0,1.0,180,180,1.0404779904503232,0.048163323761202026,1.0299686025168433,1.1230080035836147,1.322059887136974
N96,test_1040_1219,full_relative_l2,M3,GIFT,20260820,5.0,0.0,180,180,0.0,0.0,0.0,0.0,0.0
N96,test_1040_1219,full_relative_l2,M3,GIFT,20260820,5.1,0.09999999999999964,180,180,0.015547784914908649,0.0032189871764414053,0.015156247517852153,0.02144475434621914,0.024747427991034653
N96,test_1040_1219,full_relative_l2,M3,GIFT,20260820,5.2,0.20000000000000018,180,180,0.019839786450648482,0.004117785452130399,0.019487984236621965,0.027318223949002046,0.0309641611201803
N96,test_1040_1219,full_relative_l2,M3,GIFT,20260820,5.3,0.2999999999999998,180,180,0.02132673446221043,0.004620362913249923,0.020859183784220706,0.02941314974233583,0.03472393662945483
N96,test_1040_1219,full_relative_l2,M3,GIFT,20260820,5.4,0.40000000000000036,180,180,0.02179289662836776,0.00488448592748426,0.021218288359765636,0.030130505178594717,0.03514259624501793
N96,test_1040_1219,full_relative_l2,M3,GIFT,20260820,5.5,0.5,180,180,0.021809874315696753,0.004887835808946955,0.021291303211002685,0.030672541412962953,0.03441745383368215
N96,test_1040_1219,full_relative_l2,M3,GIFT,20260820,5.6,0.5999999999999996,180,180,0.02169726683480822,0.004828661637774246,0.021479750992249726,0.029763239901601107,0.03399442351509857
N96,test_1040_1219,full_relative_l2,M3,GIFT,20260820,5.7,0.7000000000000002,180,180,0.021576670524273558,0.00478048495689738,0.021178030942298767,0.03007608328813797,0.035907310847702954
N96,test_1040_1219,full_relative_l2,M3,GIFT,20260820,5.8,0.7999999999999998,180,180,0.021345694628149347,0.004728442080802724,0.02092723203490244,0.02906683183126489,0.03714565703584138
N96,test_1040_1219,full_relative_l2,M3,GIFT,20260820,5.9,0.9000000000000004,180,180,0.021138683833007845,0.004736450001710068,0.02071985630242181,0.02885230558524766,0.037459427697758896
N96,test_1040_1219,full_relative_l2,M3,GIFT,20260820,6.0,1.0,180,180,0.020957715467876857,0.004806048107403074,0.02032612809488464,0.028847896795045368,0.0376313787396115
N96,test_1040_1219,P21_relative_l2,M3,GIFT,20260820,5.0,0.0,180,180,0.0,0.0,0.0,0.0,0.0
N96,test_1040_1219,P21_relative_l2,M3,GIFT,20260820,5.1,0.09999999999999964,180,180,0.012760868645762044,0.0025306967097544573,0.012592526169778906,0.017330912746672738,0.01914010650687578
N96,test_1040_1219,P21_relative_l2,M3,GIFT,20260820,5.2,0.20000000000000018,180,180,0.016893832473180347,0.0033517862134116202,0.016659311740393142,0.02236477754271187,0.025508330654945455
N96,test_1040_1219,P21_relative_l2,M3,GIFT,20260820,5.3,0.2999999999999998,180,180,0.018591392305119407,0.0038653706915909416,0.018230607001694335,0.02563827816241973,0.02954596134894523
N96,test_1040_1219,P21_relative_l2,M3,GIFT,20260820,5.4,0.40000000000000036,180,180,0.019253301922138446,0.004152819624097676,0.018728464034007464,0.026256385198137857,0.03016428334164841
N96,test_1040_1219,P21_relative_l2,M3,GIFT,20260820,5.5,0.5,180,180,0.019449589132829556,0.004217967803385096,0.019205762319819446,0.027247634743288805,0.030675205774484245
N96,test_1040_1219,P21_relative_l2,M3,GIFT,20260820,5.6,0.5999999999999996,180,180,0.019519552209636897,0.004221916851336547,0.01935809740930154,0.02656899321285994,0.029939149001390112
N96,test_1040_1219,P21_relative_l2,M3,GIFT,20260820,5.7,0.7000000000000002,180,180,0.019508799339237177,0.004200251109656108,0.01938962537053351,0.02700891219087932,0.03145936975492089
N96,test_1040_1219,P21_relative_l2,M3,GIFT,20260820,5.8,0.7999999999999998,180,180,0.01938905773776019,0.004217639090158895,0.019021860283743898,0.02620472171815179,0.03323281007034146
N96,test_1040_1219,P21_relative_l2,M3,GIFT,20260820,5.9,0.9000000000000004,180,180,0.01929507458713743,0.004238122906279706,0.018998168010876768,0.026387479729478604,0.03360067279008779
N96,test_1040_1219,P21_relative_l2,M3,GIFT,20260820,6.0,1.0,180,180,0.01920309323262461,0.004282643241511726,0.01875202157667489,0.026280684096874958,0.03365826958953004
N96,test_1040_1219,Q21_relative_l2,M3,GIFT,20260820,5.0,0.0,180,180,0.0,0.0,0.0,0.0,0.0
N96,test_1040_1219,Q21_relative_l2,M3,GIFT,20260820,5.1,0.09999999999999964,180,180,0.26931154457130496,0.030163114970408595,0.2644819881842987,0.3227236896455685,0.3702696236794863
N96,test_1040_1219,Q21_relative_l2,M3,GIFT,20260820,5.2,0.20000000000000018,180,180,0.3227254428580019,0.037676960365075625,0.31825432437400647,0.39090009322741454,0.4742220455291043
N96,test_1040_1219,Q21_relative_l2,M3,GIFT,20260820,5.3,0.2999999999999998,180,180,0.3324907371587785,0.037633171230175316,0.3265436260164464,0.40826987329976144,0.47270677104243336
N96,test_1040_1219,Q21_relative_l2,M3,GIFT,20260820,5.4,0.40000000000000036,180,180,0.33553692345647823,0.03811749219226674,0.32866210849830785,0.403414083180664,0.48313600944178914
N96,test_1040_1219,Q21_relative_l2,M3,GIFT,20260820,5.5,0.5,180,180,0.3345970164050807,0.04050819068998511,0.32495181679052876,0.41149577847822333,0.46650427436059755
N96,test_1040_1219,Q21_relative_l2,M3,GIFT,20260820,5.6,0.5999999999999996,180,180,0.32886943765052207,0.03867930068553315,0.32432855946262257,0.3947928343296629,0.4724174021115702
N96,test_1040_1219,Q21_relative_l2,M3,GIFT,20260820,5.7,0.7000000000000002,180,180,0.32742368907174113,0.03919950906311267,0.32571703553203907,0.39794084336939417,0.4676783329914299
N96,test_1040_1219,Q21_relative_l2,M3,GIFT,20260820,5.8,0.7999999999999998,180,180,0.32759004257074076,0.038055812395984025,0.3240266135365221,0.39384627294674307,0.44652712548303414
N96,test_1040_1219,Q21_relative_l2,M3,GIFT,20260820,5.9,0.9000000000000004,180,180,0.3269854227423742,0.03444892236099315,0.3289587268870596,0.3893026209868616,0.4321466546404258
N96,test_1040_1219,Q21_relative_l2,M3,GIFT,20260820,6.0,1.0,180,180,0.32470033292152883,0.0378640754336734,0.32405071082357295,0.3919752673238959,0.42973821990024247
N96,test_1040_1219,P22_31_relative_l2,M3,GIFT,20260820,5.0,0.0,180,180,0.0,0.0,0.0,0.0,0.0
N96,test_1040_1219,P22_31_relative_l2,M3,GIFT,20260820,5.1,0.09999999999999964,180,180,0.20475169936139054,0.0215029744812568,0.2017785950180492,0.24484206663956987,0.2739162895912381
N96,test_1040_1219,P22_31_relative_l2,M3,GIFT,20260820,5.2,0.20000000000000018,180,180,0.25383793836503216,0.026355354734182896,0.2525595657971764,0.302549536870308,0.33047330658840335
N96,test_1040_1219,P22_31_relative_l2,M3,GIFT,20260820,5.3,0.2999999999999998,180,180,0.2647927256873118,0.027246516755790283,0.2644365726142467,0.30826472403937594,0.33944276468204054
N96,test_1040_1219,P22_31_relative_l2,M3,GIFT,20260820,5.4,0.40000000000000036,180,180,0.2695169858243539,0.02675076520875457,0.265839714912107,0.31564873868502585,0.33829101548664187
N96,test_1040_1219,P22_31_relative_l2,M3,GIFT,20260820,5.5,0.5,180,180,0.2705353629577062,0.028424625843936985,0.26723966561216794,0.3150646603120676,0.3646977304012457
N96,test_1040_1219,P22_31_relative_l2,M3,GIFT,20260820,5.6,0.5999999999999996,180,180,0.2676800267860596,0.028411649470007627,0.26495602546037383,0.3149388956649585,0.38190302833671974
N96,test_1040_1219,P22_31_relative_l2,M3,GIFT,20260820,5.7,0.7000000000000002,180,180,0.26734750168598226,0.030054333019129072,0.2637571144264237,0.3199679991337054,0.37927813345198125
N96,test_1040_1219,P22_31_relative_l2,M3,GIFT,20260820,5.8,0.7999999999999998,180,180,0.26893559673039574,0.03060767507229112,0.265429272440712,0.3256733198567452,0.36588578717007375
N96,test_1040_1219,P22_31_relative_l2,M3,GIFT,20260820,5.9,0.9000000000000004,180,180,0.26959941459158043,0.030130031169115366,0.2688191501165507,0.31873028935151276,0.3942833001387504
N96,test_1040_1219,P22_31_relative_l2,M3,GIFT,20260820,6.0,1.0,180,180,0.26835051212076216,0.030606943288827244,0.2682393237198092,0.3136885531353348,0.4077916149372902
N96,test_1040_1219,outer_P31_relative_l2,M3,GIFT,20260820,5.0,0.0,180,180,0.0,0.0,0.0,0.0,0.0
N96,test_1040_1219,outer_P31_relative_l2,M3,GIFT,20260820,5.1,0.09999999999999964,180,180,0.7827964331072639,0.08545863759367853,0.7837475311594498,0.9270160504278013,1.007092241588002
N96,test_1040_1219,outer_P31_relative_l2,M3,GIFT,20260820,5.2,0.20000000000000018,180,180,0.9018979176961126,0.09989649871928041,0.9046755619720648,1.0861488424757728,1.3291760539239226
N96,test_1040_1219,outer_P31_relative_l2,M3,GIFT,20260820,5.3,0.2999999999999998,180,180,0.9153782129456393,0.11184076586080495,0.897797455926428,1.0998451972280752,1.3806648749166321
N96,test_1040_1219,outer_P31_relative_l2,M3,GIFT,20260820,5.4,0.40000000000000036,180,180,0.9091750921141306,0.11208653734554494,0.894021607628617,1.1001664290189517,1.3533735939431764
N96,test_1040_1219,outer_P31_relative_l2,M3,GIFT,20260820,5.5,0.5,180,180,0.9083586944427569,0.11420421126670663,0.8959318717393341,1.087846173730912,1.4564223047179725
N96,test_1040_1219,outer_P31_relative_l2,M3,GIFT,20260820,5.6,0.5999999999999996,180,180,0.9092264442096744,0.10777715864970848,0.8923669634124922,1.105861812929762,1.226371802805569
N96,test_1040_1219,outer_P31_relative_l2,M3,GIFT,20260820,5.7,0.7000000000000002,180,180,0.9067462172248225,0.10830872226681938,0.8966734905279996,1.089852620925313,1.2111714747547748
N96,test_1040_1219,outer_P31_relative_l2,M3,GIFT,20260820,5.8,0.7999999999999998,180,180,0.9028603593095744,0.10519337050541075,0.9040958909968353,1.089289176894097,1.1582330058592667
N96,test_1040_1219,outer_P31_relative_l2,M3,GIFT,20260820,5.9,0.9000000000000004,180,180,0.8967376493840407,0.10059155915338065,0.889437269002805,1.0542349705714005,1.201796147631451
N96,test_1040_1219,outer_P31_relative_l2,M3,GIFT,20260820,6.0,1.0,180,180,0.8952906499767522,0.09983062037955766,0.8866930218555877,1.0739753788775968,1.2519000989882787
N96,test_1040_1219,reliable_outer_P31_relative_l2,M3,GIFT,20260820,5.0,0.0,180,180,0.0,0.0,0.0,0.0,0.0
N96,test_1040_1219,reliable_outer_P31_relative_l2,M3,GIFT,20260820,5.1,0.09999999999999964,180,180,0.7823666353256057,0.08639997179553563,0.7838339862312673,0.933784965630039,1.0058080828932248
N96,test_1040_1219,reliable_outer_P31_relative_l2,M3,GIFT,20260820,5.2,0.20000000000000018,180,180,0.9011471289085149,0.1015127574966805,0.9018876480630884,1.0906606569573045,1.3304016900591131
N96,test_1040_1219,reliable_outer_P31_relative_l2,M3,GIFT,20260820,5.3,0.2999999999999998,180,180,0.9147303198238158,0.11478600561036457,0.8957680614022328,1.100836021673277,1.4011951064946615
N96,test_1040_1219,reliable_outer_P31_relative_l2,M3,GIFT,20260820,5.4,0.40000000000000036,180,180,0.9082899535397432,0.11402741677221793,0.8913255893923401,1.1095258446533798,1.3607207022664212
N96,test_1040_1219,reliable_outer_P31_relative_l2,M3,GIFT,20260820,5.5,0.5,180,180,0.9075842335560215,0.11642740661785107,0.8944511810763558,1.091189673712604,1.4690634275817098
N96,test_1040_1219,reliable_outer_P31_relative_l2,M3,GIFT,20260820,5.6,0.5999999999999996,180,180,0.9085503410624108,0.10984791957415614,0.8926630833018573,1.1083799770727831,1.2398717295090382
N96,test_1040_1219,reliable_outer_P31_relative_l2,M3,GIFT,20260820,5.7,0.7000000000000002,180,180,0.9060069435394785,0.10999346590017108,0.8959933314021677,1.0911093215656795,1.218242371250921
N96,test_1040_1219,reliable_outer_P31_relative_l2,M3,GIFT,20260820,5.8,0.7999999999999998,180,180,0.9019278121489209,0.10687694722909971,0.9024266441859587,1.0904059062863287,1.161627352965692
N96,test_1040_1219,reliable_outer_P31_relative_l2,M3,GIFT,20260820,5.9,0.9000000000000004,180,180,0.8955440842408086,0.10170077089541125,0.8878511149154036,1.0585175854753865,1.2073314842261285
N96,test_1040_1219,reliable_outer_P31_relative_l2,M3,GIFT,20260820,6.0,1.0,180,180,0.8941183253402993,0.10117112876919543,0.8859248544355364,1.078046793827839,1.2626416263889193
N96,test_1040_1219,full_relative_l2,M3,GIFT,20260821,5.0,0.0,180,180,0.0,0.0,0.0,0.0,0.0
N96,test_1040_1219,full_relative_l2,M3,GIFT,20260821,5.1,0.09999999999999964,180,180,0.015507150803168666,0.003177961053141066,0.015121344133782275,0.02145891728648289,0.023230951438283125
N96,test_1040_1219,full_relative_l2,M3,GIFT,20260821,5.2,0.20000000000000018,180,180,0.01984328638456155,0.0040980230618730025,0.019428154731872597,0.027264121851825786,0.030401010951754
N96,test_1040_1219,full_relative_l2,M3,GIFT,20260821,5.3,0.2999999999999998,180,180,0.021319827292777514,0.004611812305637561,0.02091715588175317,0.02963477498428985,0.034273500293766426
N96,test_1040_1219,full_relative_l2,M3,GIFT,20260821,5.4,0.40000000000000036,180,180,0.021782134374550816,0.004869699009126354,0.021363649301222327,0.030364127223907234,0.03498783732055096
N96,test_1040_1219,full_relative_l2,M3,GIFT,20260821,5.5,0.5,180,180,0.021817288443162403,0.004890981976562961,0.02147966193424534,0.03018326603277157,0.03477433114069309
N96,test_1040_1219,full_relative_l2,M3,GIFT,20260821,5.6,0.5999999999999996,180,180,0.02171732147909038,0.004842489490060048,0.02164219826863236,0.029949014888467677,0.03460577683240823
N96,test_1040_1219,full_relative_l2,M3,GIFT,20260821,5.7,0.7000000000000002,180,180,0.021578803214556627,0.004779153782947859,0.021255483045760457,0.03003275615360248,0.036431401900678714
N96,test_1040_1219,full_relative_l2,M3,GIFT,20260821,5.8,0.7999999999999998,180,180,0.021336970395776284,0.004719099489478817,0.020915622118262495,0.02903620347429681,0.037156982967725086
N96,test_1040_1219,full_relative_l2,M3,GIFT,20260821,5.9,0.9000000000000004,180,180,0.02113003529726777,0.004727335907058966,0.020783938471821,0.02875404675801611,0.03719320410288369
N96,test_1040_1219,full_relative_l2,M3,GIFT,20260821,6.0,1.0,180,180,0.020940205473811615,0.004770975228721403,0.020327393413683885,0.028762933709207784,0.037251335796242784
N96,test_1040_1219,P21_relative_l2,M3,GIFT,20260821,5.0,0.0,180,180,0.0,0.0,0.0,0.0,0.0
N96,test_1040_1219,P21_relative_l2,M3,GIFT,20260821,5.1,0.09999999999999964,180,180,0.012760869104880782,0.0025306974765553114,0.012592530479626097,0.01733091258933034,0.019140112755243875
N96,test_1040_1219,P21_relative_l2,M3,GIFT,20260821,5.2,0.20000000000000018,180,180,0.016893832655515778,0.003351786461893648,0.016659298930303587,0.02236477997008617,0.025508324654233475
N96,test_1040_1219,P21_relative_l2,M3,GIFT,20260821,5.3,0.2999999999999998,180,180,0.01859139270289958,0.003865368689270816,0.01823061328019032,0.0256382861523874,0.02954592755242209
N96,test_1040_1219,P21_relative_l2,M3,GIFT,20260821,5.4,0.40000000000000036,180,180,0.019253302725497023,0.004152818307545055,0.018728485884806047,0.026256374446684206,0.030164245613499518
N96,test_1040_1219,P21_relative_l2,M3,GIFT,20260821,5.5,0.5,180,180,0.019449590167681583,0.004217967368787158,0.019205777664663644,0.02724762986683815,0.03067520420967622
N96,test_1040_1219,P21_relative_l2,M3,GIFT,20260821,5.6,0.5999999999999996,180,180,0.01951955306142305,0.004221917278453387,0.01935811303102928,0.026568992334002495,0.02993911700944849
N96,test_1040_1219,P21_relative_l2,M3,GIFT,20260821,5.7,0.7000000000000002,180,180,0.019508802993567918,0.0042002538817442646,0.01938963890810584,0.027008902223857205,0.0314593332819259
N96,test_1040_1219,P21_relative_l2,M3,GIFT,20260821,5.8,0.7999999999999998,180,180,0.019389066393013268,0.0042176451945620886,0.019021830360154493,0.0262047584656879,0.03323278990402896
N96,test_1040_1219,P21_relative_l2,M3,GIFT,20260821,5.9,0.9000000000000004,180,180,0.019295087209448867,0.004238134323663184,0.01899812601776147,0.026387448063923968,0.03360069565266377
N96,test_1040_1219,P21_relative_l2,M3,GIFT,20260821,6.0,1.0,180,180,0.019203110456296784,0.004282659269580894,0.018751993544192814,0.02628074569714353,0.03365832547916115
N96,test_1040_1219,Q21_relative_l2,M3,GIFT,20260821,5.0,0.0,180,180,0.0,0.0,0.0,0.0,0.0
N96,test_1040_1219,Q21_relative_l2,M3,GIFT,20260821,5.1,0.09999999999999964,180,180,0.26735500149629804,0.02957262387670451,0.2645192375111009,0.3176350667250369,0.35314642449439276
N96,test_1040_1219,Q21_relative_l2,M3,GIFT,20260821,5.2,0.20000000000000018,180,180,0.3233043280906856,0.03590677181951859,0.3188819506693976,0.3909935505030484,0.42958486524381967
N96,test_1040_1219,Q21_relative_l2,M3,GIFT,20260821,5.3,0.2999999999999998,180,180,0.3323386598921344,0.037054988353651286,0.32825779549269357,0.4018145914922668,0.48031676381030913
N96,test_1040_1219,Q21_relative_l2,M3,GIFT,20260821,5.4,0.40000000000000036,180,180,0.3353449353034811,0.03832810298886851,0.3278653998962756,0.4068520125802064,0.485658497081704
N96,test_1040_1219,Q21_relative_l2,M3,GIFT,20260821,5.5,0.5,180,180,0.33566655735106105,0.04028882876213247,0.32989136872975855,0.40740399451241593,0.47134893534572586
N96,test_1040_1219,Q21_relative_l2,M3,GIFT,20260821,5.6,0.5999999999999996,180,180,0.33082353775723716,0.03982195630458597,0.32579977011590855,0.3993824330018558,0.46278121964079794
N96,test_1040_1219,Q21_relative_l2,M3,GIFT,20260821,5.7,0.7000000000000002,180,180,0.32795031369009564,0.039737046308726716,0.326107713822243,0.40030342036066846,0.4475874040688898
N96,test_1040_1219,Q21_relative_l2,M3,GIFT,20260821,5.8,0.7999999999999998,180,180,0.32721787742530295,0.03947185850871771,0.3220630411110498,0.4016842675179864,0.4588772506961866
N96,test_1040_1219,Q21_relative_l2,M3,GIFT,20260821,5.9,0.9000000000000004,180,180,0.32671879863153286,0.03623544881219679,0.32557899673921104,0.3854409551251414,0.45985548526817016
N96,test_1040_1219,Q21_relative_l2,M3,GIFT,20260821,6.0,1.0,180,180,0.3238786336964629,0.03693805750681772,0.32340263007839753,0.3841880252268425,0.44094836606669985
N96,test_1040_1219,P22_31_relative_l2,M3,GIFT,20260821,5.0,0.0,180,180,0.0,0.0,0.0,0.0,0.0
N96,test_1040_1219,P22_31_relative_l2,M3,GIFT,20260821,5.1,0.09999999999999964,180,180,0.20687600939619122,0.021780337088534288,0.2038287858576277,0.24907836405976272,0.28178403477847164
N96,test_1040_1219,P22_31_relative_l2,M3,GIFT,20260821,5.2,0.20000000000000018,180,180,0.2580569855713005,0.02728182758867875,0.2548058404255279,0.30529621320023165,0.33611214105057513
N96,test_1040_1219,P22_31_relative_l2,M3,GIFT,20260821,5.3,0.2999999999999998,180,180,0.26812844519898416,0.02804305326534878,0.2660532370833124,0.3131227265083003,0.34866714017328865
N96,test_1040_1219,P22_31_relative_l2,M3,GIFT,20260821,5.4,0.40000000000000036,180,180,0.2728545772129281,0.02817412600529284,0.2714812179291858,0.31966885855212135,0.3498579466028913
N96,test_1040_1219,P22_31_relative_l2,M3,GIFT,20260821,5.5,0.5,180,180,0.2741385967546976,0.030485871236372912,0.27173273207003124,0.329347322645942,0.36815274632956113
N96,test_1040_1219,P22_31_relative_l2,M3,GIFT,20260821,5.6,0.5999999999999996,180,180,0.2720754784227841,0.03147145816315245,0.2704962063389882,0.3231476036830662,0.3901784322401793
N96,test_1040_1219,P22_31_relative_l2,M3,GIFT,20260821,5.7,0.7000000000000002,180,180,0.27104409486118425,0.03130956263211794,0.26642451694447744,0.32833779304525595,0.3836502858739368
N96,test_1040_1219,P22_31_relative_l2,M3,GIFT,20260821,5.8,0.7999999999999998,180,180,0.2714282652216619,0.03191696844573673,0.2672808169199617,0.3267858247221613,0.3680469203520662
N96,test_1040_1219,P22_31_relative_l2,M3,GIFT,20260821,5.9,0.9000000000000004,180,180,0.27206577605779714,0.032519511952740825,0.2676941989511543,0.3308173978707536,0.3844930971193132
N96,test_1040_1219,P22_31_relative_l2,M3,GIFT,20260821,6.0,1.0,180,180,0.27098058578422357,0.031140400455747494,0.2697187416076712,0.3241042771223025,0.41817329856882224
N96,test_1040_1219,outer_P31_relative_l2,M3,GIFT,20260821,5.0,0.0,180,180,0.0,0.0,0.0,0.0,0.0
N96,test_1040_1219,outer_P31_relative_l2,M3,GIFT,20260821,5.1,0.09999999999999964,180,180,0.7613407568652737,0.08519610635567747,0.7561239862739864,0.9216089348967927,0.9654974246183792
N96,test_1040_1219,outer_P31_relative_l2,M3,GIFT,20260821,5.2,0.20000000000000018,180,180,0.885696729508937,0.09508652184648725,0.8763029079110001,1.0668044497257516,1.1445811622446966
N96,test_1040_1219,outer_P31_relative_l2,M3,GIFT,20260821,5.3,0.2999999999999998,180,180,0.8981268366057944,0.10516820968902024,0.8822544827460179,1.0856316754687205,1.2297288384991627
N96,test_1040_1219,outer_P31_relative_l2,M3,GIFT,20260821,5.4,0.40000000000000036,180,180,0.8895841162683338,0.10418144785533612,0.877524706224527,1.0646141034744903,1.2026443865092116
N96,test_1040_1219,outer_P31_relative_l2,M3,GIFT,20260821,5.5,0.5,180,180,0.8956861859356062,0.10872005888518756,0.8888867751146249,1.0871991293226777,1.2887582086016602
N96,test_1040_1219,outer_P31_relative_l2,M3,GIFT,20260821,5.6,0.5999999999999996,180,180,0.8991050638307216,0.11009053015951177,0.8888125767016299,1.0916489034371692,1.1697469580758895
N96,test_1040_1219,outer_P31_relative_l2,M3,GIFT,20260821,5.7,0.7000000000000002,180,180,0.8898174164320422,0.11075111247737933,0.8880209154586352,1.0731359573797017,1.2367105558109643
N96,test_1040_1219,outer_P31_relative_l2,M3,GIFT,20260821,5.8,0.7999999999999998,180,180,0.8851313706701723,0.11035806000290097,0.8810669692736921,1.073812725258914,1.2603419994449752
N96,test_1040_1219,outer_P31_relative_l2,M3,GIFT,20260821,5.9,0.9000000000000004,180,180,0.8798027118644052,0.10380187718875429,0.8676635249870717,1.0572218873476373,1.1713036291874073
N96,test_1040_1219,outer_P31_relative_l2,M3,GIFT,20260821,6.0,1.0,180,180,0.873962316049921,0.10297990499544002,0.8644895349750834,1.0417170691873077,1.2245092404082942
N96,test_1040_1219,reliable_outer_P31_relative_l2,M3,GIFT,20260821,5.0,0.0,180,180,0.0,0.0,0.0,0.0,0.0
N96,test_1040_1219,reliable_outer_P31_relative_l2,M3,GIFT,20260821,5.1,0.09999999999999964,180,180,0.7608189329280811,0.08594207561450323,0.7552294599412415,0.9178094965426169,0.9668954222930184
N96,test_1040_1219,reliable_outer_P31_relative_l2,M3,GIFT,20260821,5.2,0.20000000000000018,180,180,0.8850038438407756,0.0964788319352207,0.8758772312893895,1.070103528738427,1.1449691444530963
N96,test_1040_1219,reliable_outer_P31_relative_l2,M3,GIFT,20260821,5.3,0.2999999999999998,180,180,0.897256473477019,0.10747564054535022,0.8807287220366887,1.0903250459062286,1.2394535253445533
N96,test_1040_1219,reliable_outer_P31_relative_l2,M3,GIFT,20260821,5.4,0.40000000000000036,180,180,0.8881906238110417,0.10573517436515213,0.8752254127469725,1.0656504988277797,1.2077345317102692
N96,test_1040_1219,reliable_outer_P31_relative_l2,M3,GIFT,20260821,5.5,0.5,180,180,0.8943430571845163,0.11036179081429323,0.8880159248030342,1.09146613614003,1.2983555757652936
N96,test_1040_1219,reliable_outer_P31_relative_l2,M3,GIFT,20260821,5.6,0.5999999999999996,180,180,0.8980909269398469,0.11221233544391002,0.8886240075549036,1.0919456233934393,1.1806528357527124
N96,test_1040_1219,reliable_outer_P31_relative_l2,M3,GIFT,20260821,5.7,0.7000000000000002,180,180,0.8887835348088585,0.11229787926757928,0.8871447267035909,1.07302036255044,1.237698315653505
N96,test_1040_1219,reliable_outer_P31_relative_l2,M3,GIFT,20260821,5.8,0.7999999999999998,180,180,0.8840849962771551,0.11173364035598052,0.8819927499865151,1.0741600176833104,1.264177719261323
N96,test_1040_1219,reliable_outer_P31_relative_l2,M3,GIFT,20260821,5.9,0.9000000000000004,180,180,0.8786459878139955,0.10500643143704504,0.8643401911578218,1.0576107662561463,1.1767466869840981
N96,test_1040_1219,reliable_outer_P31_relative_l2,M3,GIFT,20260821,6.0,1.0,180,180,0.8726776839724304,0.10426036347592006,0.8635322087202273,1.0417510055932064,1.2359193518859946
N96,test_1040_1219,full_relative_l2,M3,GIFT,20260822,5.0,0.0,180,180,0.0,0.0,0.0,0.0,0.0
N96,test_1040_1219,full_relative_l2,M3,GIFT,20260822,5.1,0.09999999999999964,180,180,0.015519235916069688,0.0031503690680397367,0.015183345816659841,0.021333371745532938,0.02377206295594293
N96,test_1040_1219,full_relative_l2,M3,GIFT,20260822,5.2,0.20000000000000018,180,180,0.01983943915978448,0.004060757739275032,0.019587739852972352,0.02690441099134271,0.0308031326083248
N96,test_1040_1219,full_relative_l2,M3,GIFT,20260822,5.3,0.2999999999999998,180,180,0.02131854566460982,0.004576014029972765,0.02087524562675073,0.029178337552592946,0.0347120131876465
N96,test_1040_1219,full_relative_l2,M3,GIFT,20260822,5.4,0.40000000000000036,180,180,0.02177584694772653,0.004827103383816933,0.021282628031312173,0.030206132016023495,0.03522202933193416
N96,test_1040_1219,full_relative_l2,M3,GIFT,20260822,5.5,0.5,180,180,0.02179933823451708,0.004837527417149868,0.021335247560664482,0.03002869689688658,0.03424105608806404
N96,test_1040_1219,full_relative_l2,M3,GIFT,20260822,5.6,0.5999999999999996,180,180,0.02170463775572274,0.00479686244005857,0.021507104110804934,0.03004517633911656,0.03404529148413728
N96,test_1040_1219,full_relative_l2,M3,GIFT,20260822,5.7,0.7000000000000002,180,180,0.02158800179305227,0.004760581233900035,0.021268179464115536,0.030114646815297054,0.036152041964557485
N96,test_1040_1219,full_relative_l2,M3,GIFT,20260822,5.8,0.7999999999999998,180,180,0.021351031547701127,0.004718837216234105,0.020889721588892483,0.029084162891417353,0.037274600940725267
N96,test_1040_1219,full_relative_l2,M3,GIFT,20260822,5.9,0.9000000000000004,180,180,0.021133326797120208,0.00473173047132468,0.020641911264289443,0.028802172166448526,0.03760835939679139
N96,test_1040_1219,full_relative_l2,M3,GIFT,20260822,6.0,1.0,180,180,0.02094254682001455,0.004789975053862222,0.020367205578796798,0.02864845305255396,0.037634245399237744
N96,test_1040_1219,P21_relative_l2,M3,GIFT,20260822,5.0,0.0,180,180,0.0,0.0,0.0,0.0,0.0
N96,test_1040_1219,P21_relative_l2,M3,GIFT,20260822,5.1,0.09999999999999964,180,180,0.012760868885991917,0.0025306972023625886,0.012592526429368384,0.01733090817827629,0.019140104669202893
N96,test_1040_1219,P21_relative_l2,M3,GIFT,20260822,5.2,0.20000000000000018,180,180,0.016893832099868316,0.003351786642048516,0.01665929752079089,0.02236479386884328,0.025508326807027547
N96,test_1040_1219,P21_relative_l2,M3,GIFT,20260822,5.3,0.2999999999999998,180,180,0.018591392407521265,0.003865370550561055,0.018230616402901693,0.025638280025399193,0.029545943543438712
N96,test_1040_1219,P21_relative_l2,M3,GIFT,20260822,5.4,0.40000000000000036,180,180,0.019253301838727015,0.004152820598106758,0.018728461133965167,0.02625638181062151,0.030164248095557917
N96,test_1040_1219,P21_relative_l2,M3,GIFT,20260822,5.5,0.5,180,180,0.019449588796716145,0.00421797015395981,0.01920574933000605,0.0272476310507003,0.030675243851869306
N96,test_1040_1219,P21_relative_l2,M3,GIFT,20260822,5.6,0.5999999999999996,180,180,0.01951955169135306,0.004221919976627152,0.01935811913071133,0.02656900274229511,0.029939117251061208
N96,test_1040_1219,P21_relative_l2,M3,GIFT,20260822,5.7,0.7000000000000002,180,180,0.019508798827188197,0.00420025589242512,0.019389611221842788,0.027008904360094323,0.03145933014177349
N96,test_1040_1219,P21_relative_l2,M3,GIFT,20260822,5.8,0.7999999999999998,180,180,0.01938905773446814,0.004217645481100879,0.019021868282086615,0.026204766380908122,0.03323276749752474
N96,test_1040_1219,P21_relative_l2,M3,GIFT,20260822,5.9,0.9000000000000004,180,180,0.01929507413558022,0.004238133642473731,0.018998084482992013,0.026387511930166627,0.03360063222222662
N96,test_1040_1219,P21_relative_l2,M3,GIFT,20260822,6.0,1.0,180,180,0.019203094181349155,0.004282658347092971,0.01875169242142233,0.026280706142898094,0.0336582422656567
N96,test_1040_1219,Q21_relative_l2,M3,GIFT,20260822,5.0,0.0,180,180,0.0,0.0,0.0,0.0,0.0
N96,test_1040_1219,Q21_relative_l2,M3,GIFT,20260822,5.1,0.09999999999999964,180,180,0.2683316771494063,0.028397317466630833,0.26365645252087483,0.31106975342811827,0.3644390728538089
N96,test_1040_1219,Q21_relative_l2,M3,GIFT,20260822,5.2,0.20000000000000018,180,180,0.32347073719809283,0.03386649733361437,0.3196629817594221,0.38341173292012043,0.45408159117684915
N96,test_1040_1219,Q21_relative_l2,M3,GIFT,20260822,5.3,0.2999999999999998,180,180,0.3327347649133143,0.034730139297004976,0.32983807859314873,0.39216392382112447,0.4640273059448334
N96,test_1040_1219,Q21_relative_l2,M3,GIFT,20260822,5.4,0.40000000000000036,180,180,0.3354071965401547,0.03518894168400202,0.328806277821606,0.39926919457921256,0.44997317611906884
N96,test_1040_1219,Q21_relative_l2,M3,GIFT,20260822,5.5,0.5,180,180,0.3349568765801248,0.03757463561714979,0.3286244732810104,0.40629750719024366,0.471547793419377
N96,test_1040_1219,Q21_relative_l2,M3,GIFT,20260822,5.6,0.5999999999999996,180,180,0.3304213728056711,0.03737696443651009,0.3243145062352236,0.3918062345057487,0.47275008734541657
N96,test_1040_1219,Q21_relative_l2,M3,GIFT,20260822,5.7,0.7000000000000002,180,180,0.32910877494227775,0.038570921742001434,0.3295307720869795,0.39357659546997653,0.4412179205743029
N96,test_1040_1219,Q21_relative_l2,M3,GIFT,20260822,5.8,0.7999999999999998,180,180,0.32868376621702095,0.0377386972965382,0.3256939095799809,0.3994047230884758,0.4570463131808255
N96,test_1040_1219,Q21_relative_l2,M3,GIFT,20260822,5.9,0.9000000000000004,180,180,0.3270757602735932,0.035572537284238016,0.325616124537256,0.38798160352023964,0.44472844103800274
N96,test_1040_1219,Q21_relative_l2,M3,GIFT,20260822,6.0,1.0,180,180,0.32388420296960424,0.03717430691746449,0.32423799913286877,0.3838169096520433,0.4293453662880492
N96,test_1040_1219,P22_31_relative_l2,M3,GIFT,20260822,5.0,0.0,180,180,0.0,0.0,0.0,0.0,0.0
N96,test_1040_1219,P22_31_relative_l2,M3,GIFT,20260822,5.1,0.09999999999999964,180,180,0.2081624598291372,0.02145936073157443,0.20483381086439867,0.2500185042537027,0.2922413404909261
N96,test_1040_1219,P22_31_relative_l2,M3,GIFT,20260822,5.2,0.20000000000000018,180,180,0.2593497515252261,0.02619635586234951,0.25681499288080134,0.30829060407834125,0.34273782578598944
N96,test_1040_1219,P22_31_relative_l2,M3,GIFT,20260822,5.3,0.2999999999999998,180,180,0.2699480597381963,0.027119251393397468,0.26924638385218663,0.31642268187700273,0.35018190465362586
N96,test_1040_1219,P22_31_relative_l2,M3,GIFT,20260822,5.4,0.40000000000000036,180,180,0.2739546535101426,0.026758916074224127,0.2720346252024841,0.31465484638281593,0.3471539165121662
N96,test_1040_1219,P22_31_relative_l2,M3,GIFT,20260822,5.5,0.5,180,180,0.2743809273630447,0.028257433833933747,0.27212809814336225,0.3222505094442133,0.3537621109722807
N96,test_1040_1219,P22_31_relative_l2,M3,GIFT,20260822,5.6,0.5999999999999996,180,180,0.27218401023657507,0.029340477609621024,0.26976548410901,0.315527399008822,0.3791548580190288
N96,test_1040_1219,P22_31_relative_l2,M3,GIFT,20260822,5.7,0.7000000000000002,180,180,0.27276895748826835,0.030877651358168667,0.2707215565343877,0.3312462823490786,0.36952403463779054
N96,test_1040_1219,P22_31_relative_l2,M3,GIFT,20260822,5.8,0.7999999999999998,180,180,0.2735942605419624,0.031517806124773604,0.270551269124848,0.32525843153524037,0.36891005505456853
N96,test_1040_1219,P22_31_relative_l2,M3,GIFT,20260822,5.9,0.9000000000000004,180,180,0.27268008242986125,0.03182120757269618,0.2719342591213382,0.3278106006794017,0.39316102182362767
N96,test_1040_1219,P22_31_relative_l2,M3,GIFT,20260822,6.0,1.0,180,180,0.2710354972502172,0.031120176052793543,0.27031957141229,0.3230581855692797,0.3910585558442066
N96,test_1040_1219,outer_P31_relative_l2,M3,GIFT,20260822,5.0,0.0,180,180,0.0,0.0,0.0,0.0,0.0
N96,test_1040_1219,outer_P31_relative_l2,M3,GIFT,20260822,5.1,0.09999999999999964,180,180,0.7612784597534646,0.07788283945279191,0.7627248206001347,0.8862816167905426,0.9486946137851913
N96,test_1040_1219,outer_P31_relative_l2,M3,GIFT,20260822,5.2,0.20000000000000018,180,180,0.880400203775196,0.08670562153203022,0.8785553919730129,1.0172828929402113,1.1148226177676028
N96,test_1040_1219,outer_P31_relative_l2,M3,GIFT,20260822,5.3,0.2999999999999998,180,180,0.8903732488172765,0.09431692450005234,0.8834438440732608,1.0558711344615184,1.2027801783749066
N96,test_1040_1219,outer_P31_relative_l2,M3,GIFT,20260822,5.4,0.40000000000000036,180,180,0.8838015904705891,0.10148844674115785,0.8730823457454433,1.0689001238318634,1.2158151114320683
N96,test_1040_1219,outer_P31_relative_l2,M3,GIFT,20260822,5.5,0.5,180,180,0.8892644087078543,0.10455203407581479,0.8728168099998722,1.0737907713558865,1.2579019427706426
N96,test_1040_1219,outer_P31_relative_l2,M3,GIFT,20260822,5.6,0.5999999999999996,180,180,0.895111302897029,0.1026147019418099,0.8836169732534433,1.0727180504720542,1.2414778545736687
N96,test_1040_1219,outer_P31_relative_l2,M3,GIFT,20260822,5.7,0.7000000000000002,180,180,0.8881382279696144,0.10556107001045001,0.8839233841202575,1.0792231382922803,1.1910225151534115
N96,test_1040_1219,outer_P31_relative_l2,M3,GIFT,20260822,5.8,0.7999999999999998,180,180,0.883034930869741,0.10423807793741757,0.8736370897713014,1.0707244882808955,1.2139988258512426
N96,test_1040_1219,outer_P31_relative_l2,M3,GIFT,20260822,5.9,0.9000000000000004,180,180,0.8789523560902153,0.0965097361554094,0.8733755127927321,1.0518377771988274,1.1674716390338828
N96,test_1040_1219,outer_P31_relative_l2,M3,GIFT,20260822,6.0,1.0,180,180,0.8741463077639182,0.09746609690241909,0.8577420003689372,1.0479874540421494,1.1578938545699273
N96,test_1040_1219,reliable_outer_P31_relative_l2,M3,GIFT,20260822,5.0,0.0,180,180,0.0,0.0,0.0,0.0,0.0
N96,test_1040_1219,reliable_outer_P31_relative_l2,M3,GIFT,20260822,5.1,0.09999999999999964,180,180,0.7605627539933996,0.078711008685954,0.7620985162844898,0.8887655851716152,0.9416252560933179
N96,test_1040_1219,reliable_outer_P31_relative_l2,M3,GIFT,20260822,5.2,0.20000000000000018,180,180,0.8794121317503615,0.088118771213002,0.8770681749725742,1.0353053639982828,1.115342738673607
N96,test_1040_1219,reliable_outer_P31_relative_l2,M3,GIFT,20260822,5.3,0.2999999999999998,180,180,0.889020098442467,0.09657152404064656,0.8811545619019119,1.0562653089448235,1.2173516468925083
N96,test_1040_1219,reliable_outer_P31_relative_l2,M3,GIFT,20260822,5.4,0.40000000000000036,180,180,0.8820826587123222,0.10311226751801086,0.8712416559811716,1.0699400210732453,1.2173671549080487
N96,test_1040_1219,reliable_outer_P31_relative_l2,M3,GIFT,20260822,5.5,0.5,180,180,0.8877742393682834,0.10656968604756173,0.8721012076718502,1.0740401370929746,1.2650499381523372
N96,test_1040_1219,reliable_outer_P31_relative_l2,M3,GIFT,20260822,5.6,0.5999999999999996,180,180,0.893802889441036,0.10432828523128373,0.8810406427745183,1.0768144850008945,1.2566180095447737
N96,test_1040_1219,reliable_outer_P31_relative_l2,M3,GIFT,20260822,5.7,0.7000000000000002,180,180,0.8869223745702988,0.10708498386042718,0.8822988885766003,1.0790654740816275,1.1989213345846965
N96,test_1040_1219,reliable_outer_P31_relative_l2,M3,GIFT,20260822,5.8,0.7999999999999998,180,180,0.8816680538884216,0.10581220944525688,0.8720164945387654,1.0757404108145505,1.216532306852175
N96,test_1040_1219,reliable_outer_P31_relative_l2,M3,GIFT,20260822,5.9,0.9000000000000004,180,180,0.8776069223560916,0.09783623149749124,0.8715694658383917,1.0534076617642505,1.1687019466924204
N96,test_1040_1219,reliable_outer_P31_relative_l2,M3,GIFT,20260822,6.0,1.0,180,180,0.8727476066540178,0.09885100388088036,0.8547867591340104,1.0481788490761328,1.170877943003975
N96,test_1040_1219,full_relative_l2,M3,GIFT-Lite,20260820,5.0,0.0,180,180,0.0,0.0,0.0,0.0,0.0
N96,test_1040_1219,full_relative_l2,M3,GIFT-Lite,20260820,5.1,0.09999999999999964,180,180,0.019124627339670724,0.0038244566139826403,0.019084740307347407,0.025730916664462557,0.028710192169081446
N96,test_1040_1219,full_relative_l2,M3,GIFT-Lite,20260820,5.2,0.20000000000000018,180,180,0.026729489969167873,0.005309152339337932,0.02620115070768559,0.03568594350078645,0.040414108278173766
N96,test_1040_1219,full_relative_l2,M3,GIFT-Lite,20260820,5.3,0.2999999999999998,180,180,0.03043218685413676,0.006161600902490877,0.02942036532766193,0.04137650084370733,0.04944401613983444
N96,test_1040_1219,full_relative_l2,M3,GIFT-Lite,20260820,5.4,0.40000000000000036,180,180,0.032799730018553026,0.006905857904026055,0.03196718088870967,0.04475058629084047,0.053669663602029
N96,test_1040_1219,full_relative_l2,M3,GIFT-Lite,20260820,5.5,0.5,180,180,0.03451929112996079,0.007659534065627528,0.03369515190371743,0.047927821362588184,0.06069293345537244
N96,test_1040_1219,full_relative_l2,M3,GIFT-Lite,20260820,5.6,0.5999999999999996,180,180,0.03596915315183107,0.008334749972788469,0.034828267142751175,0.05095339279138401,0.06607072465791351
N96,test_1040_1219,full_relative_l2,M3,GIFT-Lite,20260820,5.7,0.7000000000000002,180,180,0.03709276177134944,0.00879046458248572,0.03560806530468247,0.05413509277385762,0.06753390720374089
N96,test_1040_1219,full_relative_l2,M3,GIFT-Lite,20260820,5.8,0.7999999999999998,180,180,0.0379983072795324,0.009313773236782707,0.03648805180976866,0.05797416249318904,0.06851311869670168
N96,test_1040_1219,full_relative_l2,M3,GIFT-Lite,20260820,5.9,0.9000000000000004,180,180,0.038843425373433445,0.010087558539510759,0.03758642449412259,0.05808753507139493,0.07892230740213249
N96,test_1040_1219,full_relative_l2,M3,GIFT-Lite,20260820,6.0,1.0,180,180,0.039785161465171116,0.011348429224951268,0.037858392092781606,0.05764261534878564,0.10423155465984847
N96,test_1040_1219,P21_relative_l2,M3,GIFT-Lite,20260820,5.0,0.0,180,180,0.0,0.0,0.0,0.0,0.0
N96,test_1040_1219,P21_relative_l2,M3,GIFT-Lite,20260820,5.1,0.09999999999999964,180,180,0.013663633163692186,0.002593874955919419,0.013326223090669564,0.01828261241921882,0.020304460417675477
N96,test_1040_1219,P21_relative_l2,M3,GIFT-Lite,20260820,5.2,0.20000000000000018,180,180,0.019443977599611084,0.003736734810262177,0.018902194791158015,0.02588916673586306,0.029780622585368344
N96,test_1040_1219,P21_relative_l2,M3,GIFT-Lite,20260820,5.3,0.2999999999999998,180,180,0.023302925942054062,0.0047923033547696845,0.023057832631347572,0.031817697899977126,0.038912227089628576
N96,test_1040_1219,P21_relative_l2,M3,GIFT-Lite,20260820,5.4,0.40000000000000036,180,180,0.026381196586077897,0.005916683766120607,0.025750021563487022,0.036463128357310325,0.04905911916735097
N96,test_1040_1219,P21_relative_l2,M3,GIFT-Lite,20260820,5.5,0.5,180,180,0.028776832760483925,0.00695981799066216,0.02771757662922142,0.04088787987895713,0.05414376414954694
N96,test_1040_1219,P21_relative_l2,M3,GIFT-Lite,20260820,5.6,0.5999999999999996,180,180,0.030737543023186955,0.007815992877453494,0.028657109963125045,0.043850429735242655,0.060544380133995
N96,test_1040_1219,P21_relative_l2,M3,GIFT-Lite,20260820,5.7,0.7000000000000002,180,180,0.03230361358229936,0.008404206069199262,0.03073355399891988,0.04832209546194505,0.062422322792991855
N96,test_1040_1219,P21_relative_l2,M3,GIFT-Lite,20260820,5.8,0.7999999999999998,180,180,0.03360278506689857,0.009061500640675116,0.031702878540985066,0.05422989720228586,0.06390561410638611
N96,test_1040_1219,P21_relative_l2,M3,GIFT-Lite,20260820,5.9,0.9000000000000004,180,180,0.034802636597234336,0.009864066861069328,0.033345847042238905,0.053235626025778485,0.07720155803528
N96,test_1040_1219,P21_relative_l2,M3,GIFT-Lite,20260820,6.0,1.0,180,180,0.03602181111167843,0.011146073583253119,0.03453088276216451,0.05375305449079629,0.10253113245868228
N96,test_1040_1219,Q21_relative_l2,M3,GIFT-Lite,20260820,5.0,0.0,180,180,0.0,0.0,0.0,0.0,0.0
N96,test_1040_1219,Q21_relative_l2,M3,GIFT-Lite,20260820,5.1,0.09999999999999964,180,180,0.40740519082734417,0.049540009965766796,0.40020343488391735,0.4914867541978402,0.5792391038765227
N96,test_1040_1219,Q21_relative_l2,M3,GIFT-Lite,20260820,5.2,0.20000000000000018,180,180,0.5714345043274821,0.06277221036457163,0.5647602685873974,0.6777065561658099,0.7615852368827166
N96,test_1040_1219,Q21_relative_l2,M3,GIFT-Lite,20260820,5.3,0.2999999999999998,180,180,0.6255749178198539,0.06603010151978933,0.6224622245935114,0.7398806041905186,0.7865150707464107
N96,test_1040_1219,Q21_relative_l2,M3,GIFT-Lite,20260820,5.4,0.40000000000000036,180,180,0.643317194447645,0.06654465813555134,0.6361997340129215,0.7595018342272825,0.8572777849680495
N96,test_1040_1219,Q21_relative_l2,M3,GIFT-Lite,20260820,5.5,0.5,180,180,0.6480467633091594,0.07215331308652907,0.6393855058603427,0.773743337466542,0.9575608283848693
N96,test_1040_1219,Q21_relative_l2,M3,GIFT-Lite,20260820,5.6,0.5999999999999996,180,180,0.6486122676565643,0.07285352751130926,0.6459268619770124,0.7508293475990094,0.9918320542807186
N96,test_1040_1219,Q21_relative_l2,M3,GIFT-Lite,20260820,5.7,0.7000000000000002,180,180,0.6474680792501145,0.07319749282195544,0.6443267869850042,0.7719131951639959,0.9599227417349232
N96,test_1040_1219,Q21_relative_l2,M3,GIFT-Lite,20260820,5.8,0.7999999999999998,180,180,0.6489096699816171,0.07434919986401335,0.644974820567704,0.7989366691855228,0.9138468359250929
N96,test_1040_1219,Q21_relative_l2,M3,GIFT-Lite,20260820,5.9,0.9000000000000004,180,180,0.6509272873547557,0.07628561526519637,0.6452378991412868,0.8022306178936783,0.9512823125922328
N96,test_1040_1219,Q21_relative_l2,M3,GIFT-Lite,20260820,6.0,1.0,180,180,0.6506957235989325,0.07589843318093949,0.6470635022448931,0.7954408078361189,0.9387497707571311
N96,test_1040_1219,P22_31_relative_l2,M3,GIFT-Lite,20260820,5.0,0.0,180,180,0.0,0.0,0.0,0.0,0.0
N96,test_1040_1219,P22_31_relative_l2,M3,GIFT-Lite,20260820,5.1,0.09999999999999964,180,180,0.3791712415698764,0.046813908290752056,0.371878867140662,0.46479977960442526,0.5656971602255533
N96,test_1040_1219,P22_31_relative_l2,M3,GIFT-Lite,20260820,5.2,0.20000000000000018,180,180,0.5375782017574955,0.05955167040329254,0.5320053337705193,0.6456796357098111,0.7376509346694031
N96,test_1040_1219,P22_31_relative_l2,M3,GIFT-Lite,20260820,5.3,0.2999999999999998,180,180,0.5887410649601814,0.062150002951651066,0.5840215483922955,0.6907958765652811,0.74258665245527
N96,test_1040_1219,P22_31_relative_l2,M3,GIFT-Lite,20260820,5.4,0.40000000000000036,180,180,0.6053353859440007,0.06244233338465235,0.600099746276531,0.7160993858836321,0.7766876181740913
N96,test_1040_1219,P22_31_relative_l2,M3,GIFT-Lite,20260820,5.5,0.5,180,180,0.6112069455689144,0.06885039178678652,0.6021262298473169,0.7294658509553786,0.8558034943366043
N96,test_1040_1219,P22_31_relative_l2,M3,GIFT-Lite,20260820,5.6,0.5999999999999996,180,180,0.6139066682702272,0.06950945917089674,0.6101212916444918,0.7170567902297666,0.9122380293667642
N96,test_1040_1219,P22_31_relative_l2,M3,GIFT-Lite,20260820,5.7,0.7000000000000002,180,180,0.6153102032419832,0.07135484705483078,0.6096235157686305,0.735519355903561,0.9053567088120925
N96,test_1040_1219,P22_31_relative_l2,M3,GIFT-Lite,20260820,5.8,0.7999999999999998,180,180,0.6183599732636245,0.07318520598741765,0.6148364059940639,0.759323597539114,0.8985620308400976
N96,test_1040_1219,P22_31_relative_l2,M3,GIFT-Lite,20260820,5.9,0.9000000000000004,180,180,0.6221856968952361,0.07575194833669109,0.6151906141876569,0.766780662450855,0.9410076139163885
N96,test_1040_1219,P22_31_relative_l2,M3,GIFT-Lite,20260820,6.0,1.0,180,180,0.6237628685602088,0.07589336572374711,0.6146799812327225,0.7689044557485498,0.9337055975541783
N96,test_1040_1219,outer_P31_relative_l2,M3,GIFT-Lite,20260820,5.0,0.0,180,180,0.0,0.0,0.0,0.0,0.0
N96,test_1040_1219,outer_P31_relative_l2,M3,GIFT-Lite,20260820,5.1,0.09999999999999964,180,180,0.7537039307543003,0.1355285322854156,0.7425102468194961,0.9874836062988817,1.1881772737455711
N96,test_1040_1219,outer_P31_relative_l2,M3,GIFT-Lite,20260820,5.2,0.20000000000000018,180,180,1.0112148690554181,0.1759237911202294,0.9908446092076317,1.3186325330600177,1.7283518501079842
N96,test_1040_1219,outer_P31_relative_l2,M3,GIFT-Lite,20260820,5.3,0.2999999999999998,180,180,1.1084142131279362,0.21702975561820423,1.0753600767752962,1.4912745892326174,2.1545117447989663
N96,test_1040_1219,outer_P31_relative_l2,M3,GIFT-Lite,20260820,5.4,0.40000000000000036,180,180,1.1330883414844237,0.1943871288850028,1.1037446582969954,1.4982447437060602,1.7154765645274972
N96,test_1040_1219,outer_P31_relative_l2,M3,GIFT-Lite,20260820,5.5,0.5,180,180,1.1408230520852238,0.19501277745516754,1.1174825655276068,1.5196852823726694,1.775363726437768
N96,test_1040_1219,outer_P31_relative_l2,M3,GIFT-Lite,20260820,5.6,0.5999999999999996,180,180,1.1452273235861419,0.1945241112390928,1.1276644094916048,1.4693877421954846,1.9588568515921392
N96,test_1040_1219,outer_P31_relative_l2,M3,GIFT-Lite,20260820,5.7,0.7000000000000002,180,180,1.1207919376052715,0.18304394295575138,1.0914936078335438,1.4377134381442125,1.7944061156310929
N96,test_1040_1219,outer_P31_relative_l2,M3,GIFT-Lite,20260820,5.8,0.7999999999999998,180,180,1.1072978162281175,0.1900428215634631,1.0929633425029133,1.4111971097874338,1.8690920698347855
N96,test_1040_1219,outer_P31_relative_l2,M3,GIFT-Lite,20260820,5.9,0.9000000000000004,180,180,1.089546928704806,0.17933854616651226,1.0802897133580405,1.4019165604101307,1.8349745268114224
N96,test_1040_1219,outer_P31_relative_l2,M3,GIFT-Lite,20260820,6.0,1.0,180,180,1.0778106709343591,0.16890668062731493,1.0643961180476893,1.3776096971450504,1.803579959540121
N96,test_1040_1219,reliable_outer_P31_relative_l2,M3,GIFT-Lite,20260820,5.0,0.0,180,180,0.0,0.0,0.0,0.0,0.0
N96,test_1040_1219,reliable_outer_P31_relative_l2,M3,GIFT-Lite,20260820,5.1,0.09999999999999964,180,180,0.7522142804067745,0.13639826748735656,0.7415124928579941,0.9849852638366006,1.1896939300453546
N96,test_1040_1219,reliable_outer_P31_relative_l2,M3,GIFT-Lite,20260820,5.2,0.20000000000000018,180,180,1.0109201773229481,0.17883184043532732,0.9877982005720567,1.3190523167109431,1.7282362658120907
N96,test_1040_1219,reliable_outer_P31_relative_l2,M3,GIFT-Lite,20260820,5.3,0.2999999999999998,180,180,1.1068781308418014,0.2185353770507855,1.0707452654445715,1.4940404782258407,2.1458470627434045
N96,test_1040_1219,reliable_outer_P31_relative_l2,M3,GIFT-Lite,20260820,5.4,0.40000000000000036,180,180,1.129380406208103,0.19325504119023662,1.10466981347971,1.4945458347192466,1.7054527073706796
N96,test_1040_1219,reliable_outer_P31_relative_l2,M3,GIFT-Lite,20260820,5.5,0.5,180,180,1.137298823084836,0.19549125235005707,1.11180386639171,1.497734102235899,1.7772387931547886
N96,test_1040_1219,reliable_outer_P31_relative_l2,M3,GIFT-Lite,20260820,5.6,0.5999999999999996,180,180,1.1427179455171586,0.19641679346329083,1.1256868840262535,1.4699769577003812,1.971618269870481
N96,test_1040_1219,reliable_outer_P31_relative_l2,M3,GIFT-Lite,20260820,5.7,0.7000000000000002,180,180,1.1183136359406018,0.18495618348132467,1.0914862408370398,1.4416925209110163,1.7986691357797668
N96,test_1040_1219,reliable_outer_P31_relative_l2,M3,GIFT-Lite,20260820,5.8,0.7999999999999998,180,180,1.1045845536419359,0.19139436104978336,1.0830760140147375,1.402477809368282,1.871056102284969
N96,test_1040_1219,reliable_outer_P31_relative_l2,M3,GIFT-Lite,20260820,5.9,0.9000000000000004,180,180,1.0869944209266695,0.18044260642084045,1.0768249282932452,1.4046036374807245,1.8389254208251833
N96,test_1040_1219,reliable_outer_P31_relative_l2,M3,GIFT-Lite,20260820,6.0,1.0,180,180,1.0751898118555585,0.16894744044806573,1.0568154548226003,1.3748974033027792,1.7712554321048057
N96,test_1040_1219,full_relative_l2,M3,GIFT-Lite,20260821,5.0,0.0,180,180,0.0,0.0,0.0,0.0,0.0
N96,test_1040_1219,full_relative_l2,M3,GIFT-Lite,20260821,5.1,0.09999999999999964,180,180,0.018966940100885753,0.0037198411134770327,0.01864837483482615,0.025374516162415026,0.028076460806124602
N96,test_1040_1219,full_relative_l2,M3,GIFT-Lite,20260821,5.2,0.20000000000000018,180,180,0.026460700799023726,0.005202033535376667,0.02579725676845436,0.035023209825969424,0.042380759942235245
N96,test_1040_1219,full_relative_l2,M3,GIFT-Lite,20260821,5.3,0.2999999999999998,180,180,0.030121948102330067,0.006090977450560979,0.029143948472293152,0.040904579154683804,0.05178044796228434
N96,test_1040_1219,full_relative_l2,M3,GIFT-Lite,20260821,5.4,0.40000000000000036,180,180,0.03252969489634758,0.006874023210076112,0.03185815607861873,0.04453307694910634,0.05466572988458437
N96,test_1040_1219,full_relative_l2,M3,GIFT-Lite,20260821,5.5,0.5,180,180,0.03432068844614404,0.007629020702210301,0.03376863785157366,0.04811159462629756,0.061991205330792214
N96,test_1040_1219,full_relative_l2,M3,GIFT-Lite,20260821,5.6,0.5999999999999996,180,180,0.03580350306685891,0.008327508734611138,0.03445745867498197,0.05076595628327814,0.06685006324790758
N96,test_1040_1219,full_relative_l2,M3,GIFT-Lite,20260821,5.7,0.7000000000000002,180,180,0.03697876461513022,0.0087908262207137,0.03554632137775074,0.05434940466152688,0.06800522589457521
N96,test_1040_1219,full_relative_l2,M3,GIFT-Lite,20260821,5.8,0.7999999999999998,180,180,0.03789644842763194,0.009315215557206527,0.036354990225947695,0.05833337762054977,0.06838490038218242
N96,test_1040_1219,full_relative_l2,M3,GIFT-Lite,20260821,5.9,0.9000000000000004,180,180,0.03874474006247054,0.010043917555544853,0.03730662665430196,0.057394252969582574,0.07868620215617415
N96,test_1040_1219,full_relative_l2,M3,GIFT-Lite,20260821,6.0,1.0,180,180,0.039675538090432345,0.011259376502673038,0.03778815647440892,0.05726736373241304,0.10386909908474615
N96,test_1040_1219,P21_relative_l2,M3,GIFT-Lite,20260821,5.0,0.0,180,180,0.0,0.0,0.0,0.0,0.0
N96,test_1040_1219,P21_relative_l2,M3,GIFT-Lite,20260821,5.1,0.09999999999999964,180,180,0.013663634002888794,0.0025938753723151174,0.013326218829245472,0.01828261784520111,0.02030445139993914
N96,test_1040_1219,P21_relative_l2,M3,GIFT-Lite,20260821,5.2,0.20000000000000018,180,180,0.019443978115222492,0.0037367364255277468,0.01890220020675122,0.025889163742249914,0.02978064052623524
N96,test_1040_1219,P21_relative_l2,M3,GIFT-Lite,20260821,5.3,0.2999999999999998,180,180,0.023302927401204165,0.004792304326977673,0.023057840188498296,0.03181768196225966,0.03891222283149308
N96,test_1040_1219,P21_relative_l2,M3,GIFT-Lite,20260821,5.4,0.40000000000000036,180,180,0.02638119787424009,0.005916681942308097,0.025749998270295945,0.036463098696640425,0.049059102976225115
N96,test_1040_1219,P21_relative_l2,M3,GIFT-Lite,20260821,5.5,0.5,180,180,0.028776832942716574,0.006959814281192753,0.02771756415419357,0.04088791033891223,0.05414374678000888
N96,test_1040_1219,P21_relative_l2,M3,GIFT-Lite,20260821,5.6,0.5999999999999996,180,180,0.030737543144151332,0.00781598947585003,0.02865711715770393,0.04385041484212115,0.06054437129112076
N96,test_1040_1219,P21_relative_l2,M3,GIFT-Lite,20260821,5.7,0.7000000000000002,180,180,0.032303615973458835,0.008404204647225601,0.030733570055140172,0.04832196946578683,0.06242234861080884
N96,test_1040_1219,P21_relative_l2,M3,GIFT-Lite,20260821,5.8,0.7999999999999998,180,180,0.033602787902470274,0.009061504055249739,0.031702899283235844,0.054230007656901044,0.06390566392239422
N96,test_1040_1219,P21_relative_l2,M3,GIFT-Lite,20260821,5.9,0.9000000000000004,180,180,0.034802639298599274,0.009864078401672497,0.03334586327101402,0.053235643922407636,0.0772017593446921
N96,test_1040_1219,P21_relative_l2,M3,GIFT-Lite,20260821,6.0,1.0,180,180,0.03602181334498589,0.01114609409560237,0.03453090737115123,0.053753045204155976,0.10253137880521129
N96,test_1040_1219,Q21_relative_l2,M3,GIFT-Lite,20260821,5.0,0.0,180,180,0.0,0.0,0.0,0.0,0.0
N96,test_1040_1219,Q21_relative_l2,M3,GIFT-Lite,20260821,5.1,0.09999999999999964,180,180,0.40120082079263203,0.04721436522925919,0.3948611860443019,0.4928268128474315,0.55165103310239
N96,test_1040_1219,Q21_relative_l2,M3,GIFT-Lite,20260821,5.2,0.20000000000000018,180,180,0.5597821936759624,0.05915669712475098,0.5541910591576362,0.6649322425019928,0.7498107212477764
N96,test_1040_1219,Q21_relative_l2,M3,GIFT-Lite,20260821,5.3,0.2999999999999998,180,180,0.6106672116374146,0.06315404520448986,0.60519928591672,0.705927967814331,0.7863759571289952
N96,test_1040_1219,Q21_relative_l2,M3,GIFT-Lite,20260821,5.4,0.40000000000000036,180,180,0.6290559429363364,0.06350293977833173,0.6231927217839848,0.7500717100874433,0.8927156401092243
N96,test_1040_1219,Q21_relative_l2,M3,GIFT-Lite,20260821,5.5,0.5,180,180,0.6366243865316666,0.06942667217462413,0.6274951991602403,0.7509193190693975,0.9884112229968507
N96,test_1040_1219,Q21_relative_l2,M3,GIFT-Lite,20260821,5.6,0.5999999999999996,180,180,0.6382872378245433,0.07410321599035373,0.6351193223541227,0.736517536674734,1.0075595049657586
N96,test_1040_1219,Q21_relative_l2,M3,GIFT-Lite,20260821,5.7,0.7000000000000002,180,180,0.6402115658467277,0.07617701037254607,0.631850379965641,0.7597464694918267,0.9577283305758069
N96,test_1040_1219,Q21_relative_l2,M3,GIFT-Lite,20260821,5.8,0.7999999999999998,180,180,0.6422367596719801,0.07687286249209516,0.6296171597104359,0.7957657046982894,0.9006658948280692
N96,test_1040_1219,Q21_relative_l2,M3,GIFT-Lite,20260821,5.9,0.9000000000000004,180,180,0.6435001351005565,0.0774776010742536,0.6336004298791021,0.7878661071619085,0.9319693401021086
N96,test_1040_1219,Q21_relative_l2,M3,GIFT-Lite,20260821,6.0,1.0,180,180,0.6422850572349824,0.07399374370274063,0.6308643957133561,0.7789718420769848,0.8727019797474782
N96,test_1040_1219,P22_31_relative_l2,M3,GIFT-Lite,20260821,5.0,0.0,180,180,0.0,0.0,0.0,0.0,0.0
N96,test_1040_1219,P22_31_relative_l2,M3,GIFT-Lite,20260821,5.1,0.09999999999999964,180,180,0.3780129958753392,0.04563258336610642,0.3694924286063187,0.4616467752562066,0.5385772219119941
N96,test_1040_1219,P22_31_relative_l2,M3,GIFT-Lite,20260821,5.2,0.20000000000000018,180,180,0.5327051601118631,0.05893423581723318,0.5280499574751376,0.6416733749554214,0.729674638027698
N96,test_1040_1219,P22_31_relative_l2,M3,GIFT-Lite,20260821,5.3,0.2999999999999998,180,180,0.5813544069713726,0.06182935334508788,0.578249395005801,0.6767513485820111,0.7508920501140187
N96,test_1040_1219,P22_31_relative_l2,M3,GIFT-Lite,20260821,5.4,0.40000000000000036,180,180,0.6003562331375515,0.06050494077101399,0.5917337774616911,0.708755255902136,0.7603754292286792
N96,test_1040_1219,P22_31_relative_l2,M3,GIFT-Lite,20260821,5.5,0.5,180,180,0.6097074570611898,0.06764953891314693,0.6016997479764343,0.7355561889112653,0.9119204937503012
N96,test_1040_1219,P22_31_relative_l2,M3,GIFT-Lite,20260821,5.6,0.5999999999999996,180,180,0.6125115876742175,0.07282510973555138,0.603526647826266,0.7193827022723116,0.9599410623293506
N96,test_1040_1219,P22_31_relative_l2,M3,GIFT-Lite,20260821,5.7,0.7000000000000002,180,180,0.6155066141644566,0.0763281348904125,0.6092614470577081,0.738722476981351,0.9255367577177802
N96,test_1040_1219,P22_31_relative_l2,M3,GIFT-Lite,20260821,5.8,0.7999999999999998,180,180,0.6182670614258897,0.07673515766949288,0.608868045218604,0.7573519879965334,0.8841127616906634
N96,test_1040_1219,P22_31_relative_l2,M3,GIFT-Lite,20260821,5.9,0.9000000000000004,180,180,0.6206099046958894,0.07744632743035776,0.6131621799580107,0.7614682988698998,0.9206076813358309
N96,test_1040_1219,P22_31_relative_l2,M3,GIFT-Lite,20260821,6.0,1.0,180,180,0.6204726216406076,0.07496130168959407,0.6038606326969135,0.7678874290031747,0.8662170423181131
N96,test_1040_1219,outer_P31_relative_l2,M3,GIFT-Lite,20260821,5.0,0.0,180,180,0.0,0.0,0.0,0.0,0.0
N96,test_1040_1219,outer_P31_relative_l2,M3,GIFT-Lite,20260821,5.1,0.09999999999999964,180,180,0.70222038299357,0.11611835046697876,0.6921579161872418,0.9093571988190562,1.117584955321306
N96,test_1040_1219,outer_P31_relative_l2,M3,GIFT-Lite,20260821,5.2,0.20000000000000018,180,180,0.9290200702101953,0.13138335511348603,0.9241355642607929,1.1731459636344939,1.2966788403699776
N96,test_1040_1219,outer_P31_relative_l2,M3,GIFT-Lite,20260821,5.3,0.2999999999999998,180,180,1.013675768386066,0.16122065081490264,1.0061665081269306,1.2578825989425562,1.7550936887807613
N96,test_1040_1219,outer_P31_relative_l2,M3,GIFT-Lite,20260821,5.4,0.40000000000000036,180,180,1.023543232522365,0.15865137763262252,1.014254454770991,1.3146076005623824,1.6631883395603897
N96,test_1040_1219,outer_P31_relative_l2,M3,GIFT-Lite,20260821,5.5,0.5,180,180,1.0242235714235939,0.15674466448243915,1.0091423330164426,1.266146649060218,1.6409857579462477
N96,test_1040_1219,outer_P31_relative_l2,M3,GIFT-Lite,20260821,5.6,0.5999999999999996,180,180,1.0345620178756267,0.16737464930676038,1.0229529233414885,1.3134498120095637,1.8863136063619406
N96,test_1040_1219,outer_P31_relative_l2,M3,GIFT-Lite,20260821,5.7,0.7000000000000002,180,180,1.0279626102893034,0.1575207188988489,1.0113117257437785,1.29599867112377,1.5102457864130443
N96,test_1040_1219,outer_P31_relative_l2,M3,GIFT-Lite,20260821,5.8,0.7999999999999998,180,180,1.021919582006255,0.15856591821806443,1.0173000963562377,1.2835919972582337,1.571324438297644
N96,test_1040_1219,outer_P31_relative_l2,M3,GIFT-Lite,20260821,5.9,0.9000000000000004,180,180,1.011602756363256,0.1606635358529066,0.9913563266714864,1.3300159430041394,1.5324896952602909
N96,test_1040_1219,outer_P31_relative_l2,M3,GIFT-Lite,20260821,6.0,1.0,180,180,1.0053518707472013,0.14859785220635796,0.9889363095036394,1.2316463612718638,1.489712966078628
N96,test_1040_1219,reliable_outer_P31_relative_l2,M3,GIFT-Lite,20260821,5.0,0.0,180,180,0.0,0.0,0.0,0.0,0.0
N96,test_1040_1219,reliable_outer_P31_relative_l2,M3,GIFT-Lite,20260821,5.1,0.09999999999999964,180,180,0.7007052769686087,0.11694055806420663,0.6912787690651108,0.9091743971012113,1.1164389251139097
N96,test_1040_1219,reliable_outer_P31_relative_l2,M3,GIFT-Lite,20260821,5.2,0.20000000000000018,180,180,0.9283436587044794,0.13348911132305918,0.9203230872778829,1.1727520652325798,1.3201484174227174
N96,test_1040_1219,reliable_outer_P31_relative_l2,M3,GIFT-Lite,20260821,5.3,0.2999999999999998,180,180,1.012138377442271,0.16436245170544103,1.0035983740154037,1.2682857365774782,1.7610139908673805
N96,test_1040_1219,reliable_outer_P31_relative_l2,M3,GIFT-Lite,20260821,5.4,0.40000000000000036,180,180,1.0203064772742179,0.159620821070842,1.008713487575641,1.3124582435025653,1.6819583265711293
N96,test_1040_1219,reliable_outer_P31_relative_l2,M3,GIFT-Lite,20260821,5.5,0.5,180,180,1.0212836816387045,0.15803444340376346,1.0062550592518202,1.2623449557981767,1.647790622144097
N96,test_1040_1219,reliable_outer_P31_relative_l2,M3,GIFT-Lite,20260821,5.6,0.5999999999999996,180,180,1.0323707197262644,0.16873462527188385,1.0215003430015046,1.3191495127555195,1.8985026743892601
N96,test_1040_1219,reliable_outer_P31_relative_l2,M3,GIFT-Lite,20260821,5.7,0.7000000000000002,180,180,1.025400810324399,0.1586496157669985,1.0041020763875266,1.2885847235755468,1.5106893418872274
N96,test_1040_1219,reliable_outer_P31_relative_l2,M3,GIFT-Lite,20260821,5.8,0.7999999999999998,180,180,1.0189284790883057,0.15977497892422846,1.0152939851001586,1.2902693736874518,1.5698459867585912
N96,test_1040_1219,reliable_outer_P31_relative_l2,M3,GIFT-Lite,20260821,5.9,0.9000000000000004,180,180,1.0085459823409952,0.16190983745745766,0.987358740283537,1.3313446239235593,1.5302877087878854
N96,test_1040_1219,reliable_outer_P31_relative_l2,M3,GIFT-Lite,20260821,6.0,1.0,180,180,1.0019887192045596,0.14949787001691578,0.9815335920074646,1.2308796025973967,1.4905961042592328
N96,test_1040_1219,full_relative_l2,M3,GIFT-Lite,20260822,5.0,0.0,180,180,0.0,0.0,0.0,0.0,0.0
N96,test_1040_1219,full_relative_l2,M3,GIFT-Lite,20260822,5.1,0.09999999999999964,180,180,0.019049584750764275,0.003769291484342913,0.018959618463208257,0.02553231340789094,0.028306883915008987
N96,test_1040_1219,full_relative_l2,M3,GIFT-Lite,20260822,5.2,0.20000000000000018,180,180,0.02661945466218816,0.005247938587383519,0.025783348969491002,0.03554565325125356,0.04147221101659009
N96,test_1040_1219,full_relative_l2,M3,GIFT-Lite,20260822,5.3,0.2999999999999998,180,180,0.030312687077986303,0.006078335540715462,0.029532050282711948,0.04142386043308694,0.048987139396328976
N96,test_1040_1219,full_relative_l2,M3,GIFT-Lite,20260822,5.4,0.40000000000000036,180,180,0.03271903814883868,0.0067800412144099365,0.031763101867093725,0.04478178692743982,0.05305826308087288
N96,test_1040_1219,full_relative_l2,M3,GIFT-Lite,20260822,5.5,0.5,180,180,0.03454411005354146,0.007577924484402974,0.033625241155118474,0.047412137834578934,0.061074029034289525
N96,test_1040_1219,full_relative_l2,M3,GIFT-Lite,20260822,5.6,0.5999999999999996,180,180,0.03609821216951902,0.00833480220671524,0.03481470621905923,0.05085406801775771,0.06652274768755463
N96,test_1040_1219,full_relative_l2,M3,GIFT-Lite,20260822,5.7,0.7000000000000002,180,180,0.03722164446074406,0.008811762077267618,0.035709892921124836,0.05479744424052906,0.06785304820925395
N96,test_1040_1219,full_relative_l2,M3,GIFT-Lite,20260822,5.8,0.7999999999999998,180,180,0.038069275733162496,0.009339930343817979,0.03658376151444383,0.058100478271353465,0.06860880443870472
N96,test_1040_1219,full_relative_l2,M3,GIFT-Lite,20260822,5.9,0.9000000000000004,180,180,0.03888657312711079,0.010085429403594111,0.03746772118021008,0.05809821670996831,0.0789132349459647
N96,test_1040_1219,full_relative_l2,M3,GIFT-Lite,20260822,6.0,1.0,180,180,0.03980257938298806,0.011306763293678407,0.0378758566782207,0.05742484238225651,0.10403234234159613
N96,test_1040_1219,P21_relative_l2,M3,GIFT-Lite,20260822,5.0,0.0,180,180,0.0,0.0,0.0,0.0,0.0
N96,test_1040_1219,P21_relative_l2,M3,GIFT-Lite,20260822,5.1,0.09999999999999964,180,180,0.013663634012113476,0.0025938751504631825,0.0133262268466337,0.018282621455121915,0.020304454508660565
N96,test_1040_1219,P21_relative_l2,M3,GIFT-Lite,20260822,5.2,0.20000000000000018,180,180,0.01944397818525794,0.0037367355921780797,0.018902197148280536,0.025889160492953218,0.02978064293114218
N96,test_1040_1219,P21_relative_l2,M3,GIFT-Lite,20260822,5.3,0.2999999999999998,180,180,0.023302927362478906,0.0047923048755444345,0.023057831951503453,0.03181769886092191,0.03891224628560026
N96,test_1040_1219,P21_relative_l2,M3,GIFT-Lite,20260822,5.4,0.40000000000000036,180,180,0.026381198102364094,0.005916684579532632,0.0257500052881759,0.036463122390077186,0.04905913618073571
N96,test_1040_1219,P21_relative_l2,M3,GIFT-Lite,20260822,5.5,0.5,180,180,0.028776833156113697,0.0069598158037972166,0.027717566599485967,0.04088791406405963,0.05414377992275869
N96,test_1040_1219,P21_relative_l2,M3,GIFT-Lite,20260822,5.6,0.5999999999999996,180,180,0.030737543304921438,0.00781598789043455,0.028657055003848735,0.04385038705917419,0.060544384372590986
N96,test_1040_1219,P21_relative_l2,M3,GIFT-Lite,20260822,5.7,0.7000000000000002,180,180,0.03230361496964766,0.008404199346535853,0.03073352726211276,0.0483220526833855,0.06242232355438588
N96,test_1040_1219,P21_relative_l2,M3,GIFT-Lite,20260822,5.8,0.7999999999999998,180,180,0.033602786445826566,0.009061490175580224,0.031702843558783084,0.054230005031047177,0.06390558969088049
N96,test_1040_1219,P21_relative_l2,M3,GIFT-Lite,20260822,5.9,0.9000000000000004,180,180,0.03480263876187802,0.009864051917439881,0.03334587856682038,0.053235338141295434,0.07720134854681401
N96,test_1040_1219,P21_relative_l2,M3,GIFT-Lite,20260822,6.0,1.0,180,180,0.036021814841442804,0.011146053483149478,0.034530928601584195,0.053753016409748715,0.10253078302041084
N96,test_1040_1219,Q21_relative_l2,M3,GIFT-Lite,20260822,5.0,0.0,180,180,0.0,0.0,0.0,0.0,0.0
N96,test_1040_1219,Q21_relative_l2,M3,GIFT-Lite,20260822,5.1,0.09999999999999964,180,180,0.40458879707507556,0.04955823207927198,0.4004342160298324,0.48818167742433066,0.554891044454565
N96,test_1040_1219,Q21_relative_l2,M3,GIFT-Lite,20260822,5.2,0.20000000000000018,180,180,0.5669874741113545,0.06189847939416711,0.5580668311047793,0.6798263235216762,0.7574043234427569
N96,test_1040_1219,Q21_relative_l2,M3,GIFT-Lite,20260822,5.3,0.2999999999999998,180,180,0.6206522698358015,0.06464063715480799,0.6167712022904366,0.7168949919517064,0.8138158216564855
N96,test_1040_1219,Q21_relative_l2,M3,GIFT-Lite,20260822,5.4,0.40000000000000036,180,180,0.6403853076356263,0.061537616209894105,0.6377326538954871,0.7443922152095551,0.8015746257964392
N96,test_1040_1219,Q21_relative_l2,M3,GIFT-Lite,20260822,5.5,0.5,180,180,0.6504129918555662,0.06596913432030471,0.642759907673301,0.7729512343943403,0.8505095114456411
N96,test_1040_1219,Q21_relative_l2,M3,GIFT-Lite,20260822,5.6,0.5999999999999996,180,180,0.6571684370019528,0.07420903040043134,0.65084933912005,0.7885069199991546,0.9305137029007493
N96,test_1040_1219,Q21_relative_l2,M3,GIFT-Lite,20260822,5.7,0.7000000000000002,180,180,0.6570861931464548,0.07768590742227549,0.6472801953397961,0.7831035212856998,0.9446944501163613
N96,test_1040_1219,Q21_relative_l2,M3,GIFT-Lite,20260822,5.8,0.7999999999999998,180,180,0.6554774385188065,0.07750187947372332,0.642422770349298,0.7890954512169096,0.9235755401334428
N96,test_1040_1219,Q21_relative_l2,M3,GIFT-Lite,20260822,5.9,0.9000000000000004,180,180,0.6549672838943806,0.07635154747054786,0.6440479618695356,0.7852025414199956,0.942754239707445
N96,test_1040_1219,Q21_relative_l2,M3,GIFT-Lite,20260822,6.0,1.0,180,180,0.6526488542326626,0.07385588857401476,0.6450134425788228,0.7909999584536241,0.8662569040895146
N96,test_1040_1219,P22_31_relative_l2,M3,GIFT-Lite,20260822,5.0,0.0,180,180,0.0,0.0,0.0,0.0,0.0
N96,test_1040_1219,P22_31_relative_l2,M3,GIFT-Lite,20260822,5.1,0.09999999999999964,180,180,0.38078828067655685,0.046758559708581934,0.37937740459959235,0.4555573800635901,0.5338572546996986
N96,test_1040_1219,P22_31_relative_l2,M3,GIFT-Lite,20260822,5.2,0.20000000000000018,180,180,0.5395041127184528,0.0597719184179378,0.5323981989234398,0.6492061642418094,0.7311375020985592
N96,test_1040_1219,P22_31_relative_l2,M3,GIFT-Lite,20260822,5.3,0.2999999999999998,180,180,0.5910902215496431,0.0620376353943835,0.586325042896993,0.689826619957256,0.7743122229019501
N96,test_1040_1219,P22_31_relative_l2,M3,GIFT-Lite,20260822,5.4,0.40000000000000036,180,180,0.6110124649736116,0.0593228413615489,0.6072165793562945,0.7084503926512785,0.7507897277544525
N96,test_1040_1219,P22_31_relative_l2,M3,GIFT-Lite,20260822,5.5,0.5,180,180,0.6219608335640154,0.06420305361192087,0.6118339801058299,0.7443737796517634,0.8095979215406236
N96,test_1040_1219,P22_31_relative_l2,M3,GIFT-Lite,20260822,5.6,0.5999999999999996,180,180,0.6297169453395862,0.07132544195686888,0.6271097861357438,0.7425120818314931,0.8905087366974881
N96,test_1040_1219,P22_31_relative_l2,M3,GIFT-Lite,20260822,5.7,0.7000000000000002,180,180,0.6309438165069017,0.07496565466642909,0.6236453968967351,0.758195027184899,0.9157869249613919
N96,test_1040_1219,P22_31_relative_l2,M3,GIFT-Lite,20260822,5.8,0.7999999999999998,180,180,0.6303985371174523,0.07516893725816352,0.6218945658412345,0.7628184325117892,0.9053552805322806
N96,test_1040_1219,P22_31_relative_l2,M3,GIFT-Lite,20260822,5.9,0.9000000000000004,180,180,0.6317399060070894,0.07494018740019529,0.6223608409861339,0.7541683450158853,0.9330705510064584
N96,test_1040_1219,P22_31_relative_l2,M3,GIFT-Lite,20260822,6.0,1.0,180,180,0.6312229589799688,0.07417050021825199,0.6230519194571272,0.768284808780252,0.8612261352658073
N96,test_1040_1219,outer_P31_relative_l2,M3,GIFT-Lite,20260822,5.0,0.0,180,180,0.0,0.0,0.0,0.0,0.0
N96,test_1040_1219,outer_P31_relative_l2,M3,GIFT-Lite,20260822,5.1,0.09999999999999964,180,180,0.7108820291919552,0.13073573058136742,0.7044353734015237,0.9505293933007525,1.1278431578075432
N96,test_1040_1219,outer_P31_relative_l2,M3,GIFT-Lite,20260822,5.2,0.20000000000000018,180,180,0.9428741828836789,0.1668478921812107,0.920266091020858,1.2398451291189763,1.6346722694636937
N96,test_1040_1219,outer_P31_relative_l2,M3,GIFT-Lite,20260822,5.3,0.2999999999999998,180,180,1.0310376339651246,0.19456071916940784,1.0123263378056673,1.3431222235560212,2.2359594129214844
N96,test_1040_1219,outer_P31_relative_l2,M3,GIFT-Lite,20260822,5.4,0.40000000000000036,180,180,1.048787125458183,0.17516862176503348,1.0282815042456048,1.377679343553692,1.733106103173673
N96,test_1040_1219,outer_P31_relative_l2,M3,GIFT-Lite,20260822,5.5,0.5,180,180,1.0589270841187297,0.17867907838060806,1.0416920681786301,1.3942464785473618,1.762120734125661
N96,test_1040_1219,outer_P31_relative_l2,M3,GIFT-Lite,20260822,5.6,0.5999999999999996,180,180,1.075773670259429,0.19922060722991516,1.0544488328188577,1.4189003135719847,1.937215664481529
N96,test_1040_1219,outer_P31_relative_l2,M3,GIFT-Lite,20260822,5.7,0.7000000000000002,180,180,1.0616086705781362,0.18874321239606,1.04315095669909,1.4036843745709668,1.7138539311775616
N96,test_1040_1219,outer_P31_relative_l2,M3,GIFT-Lite,20260822,5.8,0.7999999999999998,180,180,1.048243140283019,0.1884324255770161,1.040658222997108,1.3581772864126611,1.769462205023281
N96,test_1040_1219,outer_P31_relative_l2,M3,GIFT-Lite,20260822,5.9,0.9000000000000004,180,180,1.0282570836123397,0.17510397718915935,1.0037373394668048,1.3879527901957278,1.5980935285727877
N96,test_1040_1219,outer_P31_relative_l2,M3,GIFT-Lite,20260822,6.0,1.0,180,180,1.0123777537305638,0.15428637973982862,0.9899466922418592,1.3061410717855615,1.4692185061576442
N96,test_1040_1219,reliable_outer_P31_relative_l2,M3,GIFT-Lite,20260822,5.0,0.0,180,180,0.0,0.0,0.0,0.0,0.0
N96,test_1040_1219,reliable_outer_P31_relative_l2,M3,GIFT-Lite,20260822,5.1,0.09999999999999964,180,180,0.7094636164765481,0.131751085923456,0.7011875234917907,0.9506967037571074,1.12917986908201
N96,test_1040_1219,reliable_outer_P31_relative_l2,M3,GIFT-Lite,20260822,5.2,0.20000000000000018,180,180,0.9422782697337485,0.16812668151552582,0.919336360077482,1.2485652429078766,1.6408267710378173
N96,test_1040_1219,reliable_outer_P31_relative_l2,M3,GIFT-Lite,20260822,5.3,0.2999999999999998,180,180,1.0303130865916186,0.19623078401416325,1.0102747219345907,1.3435037833963552,2.2336702143813456
N96,test_1040_1219,reliable_outer_P31_relative_l2,M3,GIFT-Lite,20260822,5.4,0.40000000000000036,180,180,1.0467985193107523,0.17586770125663645,1.0279366947644637,1.377229624012566,1.7233900044502497
N96,test_1040_1219,reliable_outer_P31_relative_l2,M3,GIFT-Lite,20260822,5.5,0.5,180,180,1.0574098872511315,0.18000474156974214,1.0402513877709794,1.3955591329806813,1.758474924033631
N96,test_1040_1219,reliable_outer_P31_relative_l2,M3,GIFT-Lite,20260822,5.6,0.5999999999999996,180,180,1.075227029612822,0.20144536013210856,1.051404471401577,1.425095640896695,1.9428553662371097
N96,test_1040_1219,reliable_outer_P31_relative_l2,M3,GIFT-Lite,20260822,5.7,0.7000000000000002,180,180,1.0605155571964802,0.1904407070296704,1.0430644308848445,1.401749434041221,1.7166625365790835
N96,test_1040_1219,reliable_outer_P31_relative_l2,M3,GIFT-Lite,20260822,5.8,0.7999999999999998,180,180,1.0462731513160635,0.1897299789158305,1.0380363719318928,1.3606661306112,1.7735895510905606
N96,test_1040_1219,reliable_outer_P31_relative_l2,M3,GIFT-Lite,20260822,5.9,0.9000000000000004,180,180,1.0261163852667055,0.17651909372909003,1.0031334095094746,1.388610800916811,1.6008502854595685
N96,test_1040_1219,reliable_outer_P31_relative_l2,M3,GIFT-Lite,20260822,6.0,1.0,180,180,1.0100235833077837,0.15548402777489975,0.9890578090615041,1.3078930928799037,1.4710010583808237
N96,test_1040_1219,full_relative_l2,M3,FNO-2D,fixed,5.0,0.0,180,180,0.0,0.0,0.0,0.0,0.0
N96,test_1040_1219,full_relative_l2,M3,FNO-2D,fixed,5.1,0.09999999999999964,180,180,0.17446496230479153,0.02372293785278276,0.17410338542599174,0.2156863244683476,0.23707056972732485
N96,test_1040_1219,full_relative_l2,M3,FNO-2D,fixed,5.2,0.20000000000000018,180,180,0.1909499574132441,0.02506315058840406,0.19039418593206434,0.23203191959711678,0.27168820469042804
N96,test_1040_1219,full_relative_l2,M3,FNO-2D,fixed,5.3,0.2999999999999998,180,180,0.2015948633784418,0.026461698865526625,0.20200779746507508,0.24180027005745894,0.33631105132139205
N96,test_1040_1219,full_relative_l2,M3,FNO-2D,fixed,5.4,0.40000000000000036,180,180,0.213380921832508,0.02923676051115451,0.21122043491497172,0.2539813335093676,0.40359909004163286
N96,test_1040_1219,full_relative_l2,M3,FNO-2D,fixed,5.5,0.5,180,180,0.22064769923873284,0.03193824323360211,0.2179377451691183,0.26538652445049543,0.4477056812292432
N96,test_1040_1219,full_relative_l2,M3,FNO-2D,fixed,5.6,0.5999999999999996,180,180,0.22937765898039444,0.03377120523826558,0.22598322196492499,0.2761935632420474,0.4714335268311556
N96,test_1040_1219,full_relative_l2,M3,FNO-2D,fixed,5.7,0.7000000000000002,180,180,0.23831754274055456,0.03500686455471494,0.2353959352452428,0.28483110416103213,0.4803534613025171
N96,test_1040_1219,full_relative_l2,M3,FNO-2D,fixed,5.8,0.7999999999999998,180,180,0.24934398739291078,0.036989426066311656,0.24735290230617984,0.30105012790099867,0.48397574996020104
N96,test_1040_1219,full_relative_l2,M3,FNO-2D,fixed,5.9,0.9000000000000004,180,180,0.2592418380873023,0.039250975549476964,0.2556955929845566,0.32311210445030497,0.4703474706179202
N96,test_1040_1219,full_relative_l2,M3,FNO-2D,fixed,6.0,1.0,180,180,0.27119915389149996,0.042128628640598714,0.26732928251208393,0.3463122934530177,0.4601468765488905
N96,test_1040_1219,P21_relative_l2,M3,FNO-2D,fixed,5.0,0.0,180,180,0.0,0.0,0.0,0.0,0.0
N96,test_1040_1219,P21_relative_l2,M3,FNO-2D,fixed,5.1,0.09999999999999964,180,180,0.17017333532590606,0.0232528657501432,0.17047238021712066,0.2112691273178624,0.23167860635282622
N96,test_1040_1219,P21_relative_l2,M3,FNO-2D,fixed,5.2,0.20000000000000018,180,180,0.1872255532608911,0.02459964281611336,0.18709364686282412,0.22874170993334272,0.268415847112101
N96,test_1040_1219,P21_relative_l2,M3,FNO-2D,fixed,5.3,0.2999999999999998,180,180,0.19836756531482366,0.02607109211804871,0.19865087461338438,0.23865147450329813,0.33359044126780085
N96,test_1040_1219,P21_relative_l2,M3,FNO-2D,fixed,5.4,0.40000000000000036,180,180,0.2105906212268154,0.028961104947456108,0.2088321816833656,0.2506765652566642,0.4014273655646853
N96,test_1040_1219,P21_relative_l2,M3,FNO-2D,fixed,5.5,0.5,180,180,0.21813433714966055,0.03172726970267964,0.2152483951368649,0.2631079867332843,0.4457569787731164
N96,test_1040_1219,P21_relative_l2,M3,FNO-2D,fixed,5.6,0.5999999999999996,180,180,0.22709323701863732,0.03357638691955935,0.22364208313279704,0.27384659995488403,0.46911474033600103
N96,test_1040_1219,P21_relative_l2,M3,FNO-2D,fixed,5.7,0.7000000000000002,180,180,0.23623315873973655,0.034833227802661744,0.23352728748233553,0.2827871105198913,0.4779989578260266
N96,test_1040_1219,P21_relative_l2,M3,FNO-2D,fixed,5.8,0.7999999999999998,180,180,0.2474628129936618,0.03686580255120739,0.24554379309635446,0.29879570237112296,0.48191032462986605
N96,test_1040_1219,P21_relative_l2,M3,FNO-2D,fixed,5.9,0.9000000000000004,180,180,0.2575340250192768,0.03913767385980061,0.254303989548482,0.3207545154910227,0.46831927422724046
N96,test_1040_1219,P21_relative_l2,M3,FNO-2D,fixed,6.0,1.0,180,180,0.2696483285795397,0.042030908392685626,0.2652278186518525,0.34493296471716645,0.45810323934586583
N96,test_1040_1219,Q21_relative_l2,M3,FNO-2D,fixed,5.0,0.0,180,180,0.0,0.0,0.0,0.0,0.0
N96,test_1040_1219,Q21_relative_l2,M3,FNO-2D,fixed,5.1,0.09999999999999964,180,180,1.1908200902351553,0.07240864807519483,1.1891981975721455,1.3068134953503143,1.4052514211936455
N96,test_1040_1219,Q21_relative_l2,M3,FNO-2D,fixed,5.2,0.20000000000000018,180,180,1.189583002498907,0.06553156702325681,1.1877897458169329,1.3184878346812265,1.4939851705772142
N96,test_1040_1219,Q21_relative_l2,M3,FNO-2D,fixed,5.3,0.2999999999999998,180,180,1.1721413226458448,0.0631482186714267,1.164435845331052,1.2811784510325568,1.3972618648184267
N96,test_1040_1219,Q21_relative_l2,M3,FNO-2D,fixed,5.4,0.40000000000000036,180,180,1.166015411443262,0.06175275150749034,1.153436659462052,1.267259932856424,1.397284901938173
N96,test_1040_1219,Q21_relative_l2,M3,FNO-2D,fixed,5.5,0.5,180,180,1.1633402535111632,0.06067785074910547,1.155593165761409,1.2903239047276205,1.3467651231645659
N96,test_1040_1219,Q21_relative_l2,M3,FNO-2D,fixed,5.6,0.5999999999999996,180,180,1.159258718622428,0.05976376490284133,1.1527862299294984,1.2706240600324445,1.3640498524331965
N96,test_1040_1219,Q21_relative_l2,M3,FNO-2D,fixed,5.7,0.7000000000000002,180,180,1.1580311455511756,0.06259661321925711,1.1501637738862813,1.2749606572671597,1.4315188518272097
N96,test_1040_1219,Q21_relative_l2,M3,FNO-2D,fixed,5.8,0.7999999999999998,180,180,1.1615262331084886,0.06272412478427374,1.1553647062100425,1.2727835200621829,1.4653466869741723
N96,test_1040_1219,Q21_relative_l2,M3,FNO-2D,fixed,5.9,0.9000000000000004,180,180,1.1677063333358184,0.06260967050080322,1.1569005689377558,1.287489436869419,1.3611168422446884
N96,test_1040_1219,Q21_relative_l2,M3,FNO-2D,fixed,6.0,1.0,180,180,1.1699826769956743,0.06305686767145526,1.1686592116933867,1.2845725419356748,1.4366041195613448
N96,test_1040_1219,P22_31_relative_l2,M3,FNO-2D,fixed,5.0,0.0,180,180,0.0,0.0,0.0,0.0,0.0
N96,test_1040_1219,P22_31_relative_l2,M3,FNO-2D,fixed,5.1,0.09999999999999964,180,180,1.1488568670796804,0.06686954100141569,1.141452485647585,1.2584922763559938,1.3621116242959856
N96,test_1040_1219,P22_31_relative_l2,M3,FNO-2D,fixed,5.2,0.20000000000000018,180,180,1.1525315688946702,0.06013821663934873,1.1510200396425883,1.254824144119245,1.4325663637295247
N96,test_1040_1219,P22_31_relative_l2,M3,FNO-2D,fixed,5.3,0.2999999999999998,180,180,1.135362479241513,0.056167325197310936,1.1321712089261218,1.2292558192925103,1.3419479257004767
N96,test_1040_1219,P22_31_relative_l2,M3,FNO-2D,fixed,5.4,0.40000000000000036,180,180,1.128919978721292,0.053510067800394405,1.1180233818240957,1.215534482642797,1.3162262391155963
N96,test_1040_1219,P22_31_relative_l2,M3,FNO-2D,fixed,5.5,0.5,180,180,1.1263526141399167,0.05199919271374064,1.1218213881530317,1.2340130066931505,1.2923681303757413
N96,test_1040_1219,P22_31_relative_l2,M3,FNO-2D,fixed,5.6,0.5999999999999996,180,180,1.1218941346973716,0.050821966735273345,1.119005728482549,1.2065278202875778,1.287319593065401
N96,test_1040_1219,P22_31_relative_l2,M3,FNO-2D,fixed,5.7,0.7000000000000002,180,180,1.1204845420668228,0.0530177379415275,1.1161232534961925,1.213348195426386,1.3376296028129206
N96,test_1040_1219,P22_31_relative_l2,M3,FNO-2D,fixed,5.8,0.7999999999999998,180,180,1.123232814519817,0.05343899715301104,1.118447993720932,1.216766193871606,1.3683415830808403
N96,test_1040_1219,P22_31_relative_l2,M3,FNO-2D,fixed,5.9,0.9000000000000004,180,180,1.1284119258905398,0.05304558376342057,1.1218578978560299,1.236027539888623,1.2784019255724055
N96,test_1040_1219,P22_31_relative_l2,M3,FNO-2D,fixed,6.0,1.0,180,180,1.1302339501455194,0.05344229895189399,1.1265429240327716,1.224827030324419,1.3275420166729015
N96,test_1040_1219,outer_P31_relative_l2,M3,FNO-2D,fixed,5.0,0.0,180,180,0.0,0.0,0.0,0.0,0.0
N96,test_1040_1219,outer_P31_relative_l2,M3,FNO-2D,fixed,5.1,0.09999999999999964,180,180,1.8310723330634244,0.3189279439624581,1.8163971856344032,2.3748544604784767,3.0877112218449536
N96,test_1040_1219,outer_P31_relative_l2,M3,FNO-2D,fixed,5.2,0.20000000000000018,180,180,1.776355657418117,0.2926955812618854,1.7286734048861896,2.334952813052809,2.8876131574637176
N96,test_1040_1219,outer_P31_relative_l2,M3,FNO-2D,fixed,5.3,0.2999999999999998,180,180,1.7598453446303561,0.3126854225404238,1.7075509478997022,2.3181645752409765,3.033449159778614
N96,test_1040_1219,outer_P31_relative_l2,M3,FNO-2D,fixed,5.4,0.40000000000000036,180,180,1.7561004292175457,0.3304600438635071,1.700503688245449,2.3410161732915764,3.242695816700095
N96,test_1040_1219,outer_P31_relative_l2,M3,FNO-2D,fixed,5.5,0.5,180,180,1.769000364064857,0.3428517435666969,1.6995933035222217,2.571241579455725,3.0886265229408925
N96,test_1040_1219,outer_P31_relative_l2,M3,FNO-2D,fixed,5.6,0.5999999999999996,180,180,1.7989757698130928,0.3488116203603097,1.7300142467173414,2.5819916098153413,3.073559403815871
N96,test_1040_1219,outer_P31_relative_l2,M3,FNO-2D,fixed,5.7,0.7000000000000002,180,180,1.805369373989589,0.3488426895332185,1.7457476229280657,2.4323161962303392,3.2656064666341793
N96,test_1040_1219,outer_P31_relative_l2,M3,FNO-2D,fixed,5.8,0.7999999999999998,180,180,1.8211045507098758,0.3581864671238885,1.732264303767857,2.4844806677325373,3.527441466556935
N96,test_1040_1219,outer_P31_relative_l2,M3,FNO-2D,fixed,5.9,0.9000000000000004,180,180,1.8491424952579083,0.3738248630141116,1.7828338164079565,2.520612719745293,3.4942934028601464
N96,test_1040_1219,outer_P31_relative_l2,M3,FNO-2D,fixed,6.0,1.0,180,180,1.8829918644577766,0.3901610989484993,1.811950462486847,2.5926832816808028,3.1766460252402418
N96,test_1040_1219,reliable_outer_P31_relative_l2,M3,FNO-2D,fixed,5.0,0.0,180,180,0.0,0.0,0.0,0.0,0.0
N96,test_1040_1219,reliable_outer_P31_relative_l2,M3,FNO-2D,fixed,5.1,0.09999999999999964,180,180,1.8266271712339666,0.31297834719665185,1.8092077027804228,2.367883543855679,3.0613005267467455
N96,test_1040_1219,reliable_outer_P31_relative_l2,M3,FNO-2D,fixed,5.2,0.20000000000000018,180,180,1.7719193594324334,0.28636972353423507,1.7199892886545434,2.313677888504369,2.860103780740767
N96,test_1040_1219,reliable_outer_P31_relative_l2,M3,FNO-2D,fixed,5.3,0.2999999999999998,180,180,1.755375550873881,0.30808147842424216,1.7075004315659181,2.306698879952986,3.008194482252905
N96,test_1040_1219,reliable_outer_P31_relative_l2,M3,FNO-2D,fixed,5.4,0.40000000000000036,180,180,1.7511801050415496,0.3246621179138379,1.6967786253754409,2.3210360961368144,3.2179624350171023
N96,test_1040_1219,reliable_outer_P31_relative_l2,M3,FNO-2D,fixed,5.5,0.5,180,180,1.7636527338484091,0.33651308357529836,1.6933629011147255,2.5510413975390334,3.059658397298115
N96,test_1040_1219,reliable_outer_P31_relative_l2,M3,FNO-2D,fixed,5.6,0.5999999999999996,180,180,1.7938448156636138,0.3432685210948829,1.7205820919210213,2.5557666769774663,3.0394154928893506
N96,test_1040_1219,reliable_outer_P31_relative_l2,M3,FNO-2D,fixed,5.7,0.7000000000000002,180,180,1.799285421382764,0.343713965286259,1.7345041781178643,2.426156610257501,3.229926760161156
N96,test_1040_1219,reliable_outer_P31_relative_l2,M3,FNO-2D,fixed,5.8,0.7999999999999998,180,180,1.8145612307685541,0.35258587605716285,1.727198505045913,2.4640870933938532,3.505259992947332
N96,test_1040_1219,reliable_outer_P31_relative_l2,M3,FNO-2D,fixed,5.9,0.9000000000000004,180,180,1.842309233686976,0.3679615424874657,1.7744578906859636,2.5026329015153013,3.463373714333624
N96,test_1040_1219,reliable_outer_P31_relative_l2,M3,FNO-2D,fixed,6.0,1.0,180,180,1.8754177779518482,0.3839181887788882,1.8015810949501594,2.585492602808899,3.150105588107443
N96,test_1040_1219,full_relative_l2,M3,FNO-3D,fixed,5.0,0.0,180,180,0.0,0.0,0.0,0.0,0.0
N96,test_1040_1219,full_relative_l2,M3,FNO-3D,fixed,5.1,0.09999999999999964,180,180,0.16789365879759308,0.023969254769385183,0.1687244108823326,0.21119329346059346,0.2253262843533892
N96,test_1040_1219,full_relative_l2,M3,FNO-3D,fixed,5.2,0.20000000000000018,180,180,0.2461395215175096,0.033862438305696685,0.24993829672224593,0.29932413657022233,0.3316146218867687
N96,test_1040_1219,full_relative_l2,M3,FNO-3D,fixed,5.3,0.2999999999999998,180,180,0.2753005750954527,0.031989574648426396,0.2748898156022847,0.3247663684313883,0.36358679925020276
N96,test_1040_1219,full_relative_l2,M3,FNO-3D,fixed,5.4,0.40000000000000036,180,180,0.29424655173772307,0.032975493186441295,0.2932965600793662,0.3462356134947668,0.41095013231169225
N96,test_1040_1219,full_relative_l2,M3,FNO-3D,fixed,5.5,0.5,180,180,0.3152528798137037,0.035320484560576876,0.31640769392601986,0.37321198782972387,0.4577542133954123
N96,test_1040_1219,full_relative_l2,M3,FNO-3D,fixed,5.6,0.5999999999999996,180,180,0.3400028208956863,0.038104759195233096,0.3417802257317227,0.3999490343397021,0.49729282288432564
N96,test_1040_1219,full_relative_l2,M3,FNO-3D,fixed,5.7,0.7000000000000002,180,180,0.366435956467957,0.041809214455908246,0.3673751528614836,0.43384352341223265,0.5321202821720283
N96,test_1040_1219,full_relative_l2,M3,FNO-3D,fixed,5.8,0.7999999999999998,180,180,0.39361638041255087,0.04622962540070839,0.39302557267028215,0.46935198122131494,0.5611501487867515
N96,test_1040_1219,full_relative_l2,M3,FNO-3D,fixed,5.9,0.9000000000000004,180,180,0.421938742934668,0.05070860494420217,0.4179782505439706,0.5055890020550259,0.5837293733745186
N96,test_1040_1219,full_relative_l2,M3,FNO-3D,fixed,6.0,1.0,180,180,0.45118073998807645,0.05476844131580568,0.4458191010972316,0.5480404684703241,0.6013793989691332
N96,test_1040_1219,P21_relative_l2,M3,FNO-3D,fixed,5.0,0.0,180,180,0.0,0.0,0.0,0.0,0.0
N96,test_1040_1219,P21_relative_l2,M3,FNO-3D,fixed,5.1,0.09999999999999964,180,180,0.16237179528558845,0.02292524817410203,0.16378512971465425,0.20448663627799676,0.2173944558251603
N96,test_1040_1219,P21_relative_l2,M3,FNO-3D,fixed,5.2,0.20000000000000018,180,180,0.24144291182382846,0.03330589533510808,0.24539476816111314,0.29332323515268605,0.32498725079424656
N96,test_1040_1219,P21_relative_l2,M3,FNO-3D,fixed,5.3,0.2999999999999998,180,180,0.27252475542360555,0.03172253992224713,0.2725817088466813,0.32087983142778914,0.36112685837412906
N96,test_1040_1219,P21_relative_l2,M3,FNO-3D,fixed,5.4,0.40000000000000036,180,180,0.2922672298404243,0.03278972564993883,0.291505055082657,0.34371509799722005,0.409103094414318
N96,test_1040_1219,P21_relative_l2,M3,FNO-3D,fixed,5.5,0.5,180,180,0.3136488945134109,0.035186634562282534,0.314409663563584,0.37068952643207675,0.45627462947354747
N96,test_1040_1219,P21_relative_l2,M3,FNO-3D,fixed,5.6,0.5999999999999996,180,180,0.33863554087587244,0.038001174531788286,0.34020368130018463,0.3986554413894468,0.49573707274292217
N96,test_1040_1219,P21_relative_l2,M3,FNO-3D,fixed,5.7,0.7000000000000002,180,180,0.3652570659245094,0.041723741383126386,0.36634559615953066,0.4327100438257706,0.5304827095523996
N96,test_1040_1219,P21_relative_l2,M3,FNO-3D,fixed,5.8,0.7999999999999998,180,180,0.3926103474249388,0.04616837982325768,0.3919829978871211,0.4674591940293283,0.5598253920426822
N96,test_1040_1219,P21_relative_l2,M3,FNO-3D,fixed,5.9,0.9000000000000004,180,180,0.4210802378280499,0.050668102960811534,0.4172822082801788,0.5049070806644846,0.5826533053336594
N96,test_1040_1219,P21_relative_l2,M3,FNO-3D,fixed,6.0,1.0,180,180,0.4504446896958625,0.054752992150313456,0.44505759488187213,0.5471243282764457,0.600361820376218
N96,test_1040_1219,Q21_relative_l2,M3,FNO-3D,fixed,5.0,0.0,180,180,0.0,0.0,0.0,0.0,0.0
N96,test_1040_1219,Q21_relative_l2,M3,FNO-3D,fixed,5.1,0.09999999999999964,180,180,1.3174642127869551,0.23429577565062712,1.3042841358695658,1.7188615150233513,1.9759031647281804
N96,test_1040_1219,Q21_relative_l2,M3,FNO-3D,fixed,5.2,0.20000000000000018,180,180,1.5262114516979142,0.21086742865504846,1.5066880278369021,1.9344073567533486,2.1998125237031267
N96,test_1040_1219,Q21_relative_l2,M3,FNO-3D,fixed,5.3,0.2999999999999998,180,180,1.2939600839514462,0.1292520035273808,1.276640242364569,1.5506480439689578,1.8262516099179933
N96,test_1040_1219,Q21_relative_l2,M3,FNO-3D,fixed,5.4,0.40000000000000036,180,180,1.1781931860505952,0.0757455228017023,1.1632285927867474,1.3379728065436496,1.4064569025040257
N96,test_1040_1219,Q21_relative_l2,M3,FNO-3D,fixed,5.5,0.5,180,180,1.1399422508987442,0.05785410851046878,1.1290744914652509,1.258331687694825,1.3406668230287195
N96,test_1040_1219,Q21_relative_l2,M3,FNO-3D,fixed,5.6,0.5999999999999996,180,180,1.1262917474210503,0.054164688754233296,1.1143041945495376,1.2316750474279716,1.3269316674167866
N96,test_1040_1219,Q21_relative_l2,M3,FNO-3D,fixed,5.7,0.7000000000000002,180,180,1.1204397027164232,0.05466793971293225,1.1160557504153676,1.2331296648011902,1.3818987471652555
N96,test_1040_1219,Q21_relative_l2,M3,FNO-3D,fixed,5.8,0.7999999999999998,180,180,1.1158947967788646,0.05250362543165666,1.1073232795908439,1.2075579587090475,1.30559404807787
N96,test_1040_1219,Q21_relative_l2,M3,FNO-3D,fixed,5.9,0.9000000000000004,180,180,1.114697213136578,0.051356941279040245,1.1043302466661817,1.2151168789922389,1.2821537886827858
N96,test_1040_1219,Q21_relative_l2,M3,FNO-3D,fixed,6.0,1.0,180,180,1.1100029967984546,0.049601122193484296,1.0991380429960997,1.1986057958898662,1.2932279745487971
N96,test_1040_1219,P22_31_relative_l2,M3,FNO-3D,fixed,5.0,0.0,180,180,0.0,0.0,0.0,0.0,0.0
N96,test_1040_1219,P22_31_relative_l2,M3,FNO-3D,fixed,5.1,0.09999999999999964,180,180,1.2501032513563055,0.2285675786864338,1.2358273696491229,1.6474468028522562,1.929244177709231
N96,test_1040_1219,P22_31_relative_l2,M3,FNO-3D,fixed,5.2,0.20000000000000018,180,180,1.4692150476766932,0.20424010612669966,1.4589070104251087,1.8625695425423543,2.157422596154343
N96,test_1040_1219,P22_31_relative_l2,M3,FNO-3D,fixed,5.3,0.2999999999999998,180,180,1.2438408311073557,0.11974340639109475,1.2280103757472491,1.4813264491171145,1.754704276562897
N96,test_1040_1219,P22_31_relative_l2,M3,FNO-3D,fixed,5.4,0.40000000000000036,180,180,1.1347097173116611,0.06492525941995339,1.124032155163941,1.2648028224688355,1.3320928251045212
N96,test_1040_1219,P22_31_relative_l2,M3,FNO-3D,fixed,5.5,0.5,180,180,1.103185776356122,0.04733441782697896,1.094771801667887,1.1925588474715683,1.2659348283481968
N96,test_1040_1219,P22_31_relative_l2,M3,FNO-3D,fixed,5.6,0.5999999999999996,180,180,1.0930583704501122,0.04399656589753636,1.084273763678798,1.1772285434496617,1.2473655060897855
N96,test_1040_1219,P22_31_relative_l2,M3,FNO-3D,fixed,5.7,0.7000000000000002,180,180,1.0892044829764327,0.04503530183979005,1.0861577097416082,1.1709104097483536,1.3023096631725584
N96,test_1040_1219,P22_31_relative_l2,M3,FNO-3D,fixed,5.8,0.7999999999999998,180,180,1.0855542535825855,0.04400143815032286,1.079298947623081,1.1598951266652335,1.2542557657717779
N96,test_1040_1219,P22_31_relative_l2,M3,FNO-3D,fixed,5.9,0.9000000000000004,180,180,1.084380768923854,0.042581041018575086,1.0758617982834924,1.1695911638965,1.2244339609511958
N96,test_1040_1219,P22_31_relative_l2,M3,FNO-3D,fixed,6.0,1.0,180,180,1.0812216785956252,0.040901891523614835,1.073697735863966,1.161078271624303,1.2309747640314854
N96,test_1040_1219,outer_P31_relative_l2,M3,FNO-3D,fixed,5.0,0.0,180,180,0.0,0.0,0.0,0.0,0.0
N96,test_1040_1219,outer_P31_relative_l2,M3,FNO-3D,fixed,5.1,0.09999999999999964,180,180,2.235639170264575,0.4922559985802798,2.2120194572226444,2.997949877479181,3.8618269221080275
N96,test_1040_1219,outer_P31_relative_l2,M3,FNO-3D,fixed,5.2,0.20000000000000018,180,180,2.382367264123014,0.4672827255801883,2.388920374106569,3.201179504537357,3.8222955807094703
N96,test_1040_1219,outer_P31_relative_l2,M3,FNO-3D,fixed,5.3,0.2999999999999998,180,180,2.059775621538644,0.4364155419958551,1.9858059568981852,2.8847464162687255,3.729424718589391
N96,test_1040_1219,outer_P31_relative_l2,M3,FNO-3D,fixed,5.4,0.40000000000000036,180,180,1.8481130294701429,0.38187463857228077,1.7814098213481837,2.54458536677895,3.4933831153769987
N96,test_1040_1219,outer_P31_relative_l2,M3,FNO-3D,fixed,5.5,0.5,180,180,1.7390483636055851,0.35108711025674033,1.659674396682688,2.466769290763994,3.1542629230351933
N96,test_1040_1219,outer_P31_relative_l2,M3,FNO-3D,fixed,5.6,0.5999999999999996,180,180,1.703412394752666,0.33740739348809545,1.6238579823768073,2.4060370048687507,3.1689830244719
N96,test_1040_1219,outer_P31_relative_l2,M3,FNO-3D,fixed,5.7,0.7000000000000002,180,180,1.674045868928874,0.3236462066412608,1.6014109850615332,2.243959223905607,2.9429084646268824
N96,test_1040_1219,outer_P31_relative_l2,M3,FNO-3D,fixed,5.8,0.7999999999999998,180,180,1.6570846486141286,0.3091170206636481,1.5777132728799943,2.3057425542094827,2.9680376242230135
N96,test_1040_1219,outer_P31_relative_l2,M3,FNO-3D,fixed,5.9,0.9000000000000004,180,180,1.6592969881717914,0.31181379535209686,1.5807106035937646,2.267074969310527,3.033373259704063
N96,test_1040_1219,outer_P31_relative_l2,M3,FNO-3D,fixed,6.0,1.0,180,180,1.6514225073996216,0.3130153081589683,1.5778254056592673,2.2323956192102554,2.756482165798785
N96,test_1040_1219,reliable_outer_P31_relative_l2,M3,FNO-3D,fixed,5.0,0.0,180,180,0.0,0.0,0.0,0.0,0.0
N96,test_1040_1219,reliable_outer_P31_relative_l2,M3,FNO-3D,fixed,5.1,0.09999999999999964,180,180,2.2327563320841213,0.4868318382824038,2.2099296101208896,2.9876125678551246,3.8409534849916267
N96,test_1040_1219,reliable_outer_P31_relative_l2,M3,FNO-3D,fixed,5.2,0.20000000000000018,180,180,2.3801396227268534,0.4612852481643897,2.380646270721181,3.1835014496577942,3.7986789051011516
N96,test_1040_1219,reliable_outer_P31_relative_l2,M3,FNO-3D,fixed,5.3,0.2999999999999998,180,180,2.0560198636392526,0.43218623935348555,1.9767861303445482,2.8652796818515314,3.7057064658396612
N96,test_1040_1219,reliable_outer_P31_relative_l2,M3,FNO-3D,fixed,5.4,0.40000000000000036,180,180,1.8426987960931172,0.37573022736219447,1.7797557046785784,2.524907888559354,3.464889399587901
N96,test_1040_1219,reliable_outer_P31_relative_l2,M3,FNO-3D,fixed,5.5,0.5,180,180,1.7339993511742806,0.34574123472081736,1.6542579912593043,2.4490067928379404,3.1226183990761385
N96,test_1040_1219,reliable_outer_P31_relative_l2,M3,FNO-3D,fixed,5.6,0.5999999999999996,180,180,1.6992240530587885,0.33244583046893195,1.6175588787010513,2.3906104163320196,3.1391922279343896
N96,test_1040_1219,reliable_outer_P31_relative_l2,M3,FNO-3D,fixed,5.7,0.7000000000000002,180,180,1.6691060003065954,0.31919659104799475,1.6007766107243588,2.234151555766242,2.9240037478710637
N96,test_1040_1219,reliable_outer_P31_relative_l2,M3,FNO-3D,fixed,5.8,0.7999999999999998,180,180,1.6517171703133102,0.3044576501631164,1.5751066173332875,2.285949010418407,2.944399264506401
N96,test_1040_1219,reliable_outer_P31_relative_l2,M3,FNO-3D,fixed,5.9,0.9000000000000004,180,180,1.6535376210924968,0.3069402170520852,1.5778078439584968,2.2589022644937304,2.999701381243499
N96,test_1040_1219,reliable_outer_P31_relative_l2,M3,FNO-3D,fixed,6.0,1.0,180,180,1.6455623140162068,0.30811507669543764,1.5696772279277327,2.2104190564935933,2.7305238132534306
N128,test_1040_1219,full_relative_l2,M3,GIFT,20260820,5.0,0.0,180,180,0.0,0.0,0.0,0.0,0.0
N128,test_1040_1219,full_relative_l2,M3,GIFT,20260820,5.1,0.09999999999999964,180,180,0.01551192899082238,0.003195439829711523,0.015126074090234923,0.02126933866408454,0.024568002781569762
N128,test_1040_1219,full_relative_l2,M3,GIFT,20260820,5.2,0.20000000000000018,180,180,0.019804154147158293,0.004097877929857267,0.019476440449952552,0.027162619573852034,0.030715824821880996
N128,test_1040_1219,full_relative_l2,M3,GIFT,20260820,5.3,0.2999999999999998,180,180,0.02130096601683777,0.004609509075323433,0.020798889982772174,0.029336463794655872,0.03454618589335448
N128,test_1040_1219,full_relative_l2,M3,GIFT,20260820,5.4,0.40000000000000036,180,180,0.02176680201002762,0.004867493093979124,0.021201763037386516,0.030056575513425856,0.03506765517071484
N128,test_1040_1219,full_relative_l2,M3,GIFT,20260820,5.5,0.5,180,180,0.021784282776258344,0.004871040435441214,0.0212896437494108,0.030667900617601097,0.0343409588790592
N128,test_1040_1219,full_relative_l2,M3,GIFT,20260820,5.6,0.5999999999999996,180,180,0.021676235564795115,0.00481745336362601,0.02146875488570282,0.029745347560359348,0.033978825240956925
N128,test_1040_1219,full_relative_l2,M3,GIFT,20260820,5.7,0.7000000000000002,180,180,0.021558606549790263,0.004772600076247766,0.021173536390586258,0.03004670176782413,0.035869507880039536
N128,test_1040_1219,full_relative_l2,M3,GIFT,20260820,5.8,0.7999999999999998,180,180,0.021330625533025192,0.004722364626344379,0.02090802603664337,0.029053393687509966,0.037120034866504024
N128,test_1040_1219,full_relative_l2,M3,GIFT,20260820,5.9,0.9000000000000004,180,180,0.02112510154688573,0.004726252081898909,0.02070921815474017,0.02880277827129007,0.03745544031137968
N128,test_1040_1219,full_relative_l2,M3,GIFT,20260820,6.0,1.0,180,180,0.020944312674924883,0.004796992777553766,0.02032366309759178,0.02879819991414626,0.037635788077291815
N128,test_1040_1219,P21_relative_l2,M3,GIFT,20260820,5.0,0.0,180,180,0.0,0.0,0.0,0.0,0.0
N128,test_1040_1219,P21_relative_l2,M3,GIFT,20260820,5.1,0.09999999999999964,180,180,0.012760729516213746,0.0025302128275698104,0.012592284073646615,0.017330339676373263,0.01913615168044149
N128,test_1040_1219,P21_relative_l2,M3,GIFT,20260820,5.2,0.20000000000000018,180,180,0.016893397429395392,0.003350955376758158,0.016660240980446342,0.022365410907813764,0.025486663419452608
N128,test_1040_1219,P21_relative_l2,M3,GIFT,20260820,5.3,0.2999999999999998,180,180,0.018591007871860507,0.0038649467172051683,0.0182315936968715,0.025638816269650266,0.029528547043715395
N128,test_1040_1219,P21_relative_l2,M3,GIFT,20260820,5.4,0.40000000000000036,180,180,0.01925313961006713,0.004153044958764415,0.018727146289383746,0.02625875065545552,0.03017995908765145
N128,test_1040_1219,P21_relative_l2,M3,GIFT,20260820,5.5,0.5,180,180,0.019449625115498113,0.004218398730171172,0.019201787495996193,0.027247443483777604,0.030675434948732372
N128,test_1040_1219,P21_relative_l2,M3,GIFT,20260820,5.6,0.5999999999999996,180,180,0.019519692794604377,0.004222446126598377,0.019356751705677053,0.02657674183575541,0.029944663756392972
N128,test_1040_1219,P21_relative_l2,M3,GIFT,20260820,5.7,0.7000000000000002,180,180,0.019509007744870112,0.0042007292552193876,0.019389824218183832,0.0270097622267335,0.03146222893147387
N128,test_1040_1219,P21_relative_l2,M3,GIFT,20260820,5.8,0.7999999999999998,180,180,0.01938936518119697,0.004218095287650807,0.019022580683230778,0.02620365124077413,0.03323511596881718
N128,test_1040_1219,P21_relative_l2,M3,GIFT,20260820,5.9,0.9000000000000004,180,180,0.019295536643694496,0.004238718167399754,0.018998525431581773,0.026387978288251162,0.033605401043276334
N128,test_1040_1219,P21_relative_l2,M3,GIFT,20260820,6.0,1.0,180,180,0.01920372725127522,0.004283455325011299,0.018753230447082055,0.02628356290124801,0.03366311225589944
N128,test_1040_1219,Q21_relative_l2,M3,GIFT,20260820,5.0,0.0,180,180,0.0,0.0,0.0,0.0,0.0
N128,test_1040_1219,Q21_relative_l2,M3,GIFT,20260820,5.1,0.09999999999999964,180,180,0.2677381499390178,0.029439925928787407,0.26321574430878236,0.3209136599952484,0.36414035502731545
N128,test_1040_1219,Q21_relative_l2,M3,GIFT,20260820,5.2,0.20000000000000018,180,180,0.32098574572165106,0.0369461647685087,0.31712874958235027,0.38779402573872696,0.46623300209115864
N128,test_1040_1219,Q21_relative_l2,M3,GIFT,20260820,5.3,0.2999999999999998,180,180,0.3310990309716068,0.03720988185938404,0.32481896879558514,0.4032987036252467,0.4721260329123728
N128,test_1040_1219,Q21_relative_l2,M3,GIFT,20260820,5.4,0.40000000000000036,180,180,0.3340788667229171,0.03730353499334753,0.32695047125004695,0.3989710053503658,0.4851264228233736
N128,test_1040_1219,Q21_relative_l2,M3,GIFT,20260820,5.5,0.5,180,180,0.333055783902546,0.03974366745119877,0.3239811402748568,0.40627735510370894,0.46415805697507656
N128,test_1040_1219,Q21_relative_l2,M3,GIFT,20260820,5.6,0.5999999999999996,180,180,0.3274809069518765,0.038130995340167576,0.3219701570731517,0.3928857065330944,0.47026464081494823
N128,test_1040_1219,Q21_relative_l2,M3,GIFT,20260820,5.7,0.7000000000000002,180,180,0.3261535444264082,0.038706171713598386,0.32411497395137023,0.3962349652251327,0.4600673022926465
N128,test_1040_1219,Q21_relative_l2,M3,GIFT,20260820,5.8,0.7999999999999998,180,180,0.32645928570511884,0.03765898802753013,0.3224207299216349,0.391687649722952,0.44456210934791063
N128,test_1040_1219,Q21_relative_l2,M3,GIFT,20260820,5.9,0.9000000000000004,180,180,0.3259799141512682,0.03409800987316294,0.3273507336863304,0.3854881754987316,0.4287362878523471
N128,test_1040_1219,Q21_relative_l2,M3,GIFT,20260820,6.0,1.0,180,180,0.32361970033482207,0.03740432387544914,0.3234514681432137,0.38993291010061154,0.42979386934497293
N128,test_1040_1219,P22_31_relative_l2,M3,GIFT,20260820,5.0,0.0,180,180,0.0,0.0,0.0,0.0,0.0
N128,test_1040_1219,P22_31_relative_l2,M3,GIFT,20260820,5.1,0.09999999999999964,180,180,0.20452671147759388,0.021532045987829776,0.20144494689185677,0.24480040900054786,0.27388960759711417
N128,test_1040_1219,P22_31_relative_l2,M3,GIFT,20260820,5.2,0.20000000000000018,180,180,0.2537026853188663,0.02635354286638532,0.2525814732138282,0.3023896341971506,0.3295031578283158
N128,test_1040_1219,P22_31_relative_l2,M3,GIFT,20260820,5.3,0.2999999999999998,180,180,0.2646589373451941,0.027251555896735735,0.2643330242228673,0.30797158476893827,0.34019226760861354
N128,test_1040_1219,P22_31_relative_l2,M3,GIFT,20260820,5.4,0.40000000000000036,180,180,0.2694108300309485,0.026740112126546877,0.2658247033677078,0.3158299127191707,0.3394711020653552
N128,test_1040_1219,P22_31_relative_l2,M3,GIFT,20260820,5.5,0.5,180,180,0.2704239063682485,0.028467309762162548,0.2673876929363994,0.3146203960018573,0.3644623485422574
N128,test_1040_1219,P22_31_relative_l2,M3,GIFT,20260820,5.6,0.5999999999999996,180,180,0.2675373665420722,0.028405256525685197,0.26478300320439313,0.3144918861677797,0.38193607928969814
N128,test_1040_1219,P22_31_relative_l2,M3,GIFT,20260820,5.7,0.7000000000000002,180,180,0.26725229718859234,0.030093768798847648,0.2637293611652346,0.3197383096848788,0.37950997299516737
N128,test_1040_1219,P22_31_relative_l2,M3,GIFT,20260820,5.8,0.7999999999999998,180,180,0.26890339857042556,0.03060790211926651,0.2657213552632248,0.32559232612514083,0.3658146609429707
N128,test_1040_1219,P22_31_relative_l2,M3,GIFT,20260820,5.9,0.9000000000000004,180,180,0.2694941140726114,0.03007386807559415,0.268971324554129,0.3187916145337081,0.39397751332405406
N128,test_1040_1219,P22_31_relative_l2,M3,GIFT,20260820,6.0,1.0,180,180,0.26822582208453205,0.030581743545057806,0.26760729453077403,0.3136142377650447,0.40803419744224273
N128,test_1040_1219,outer_P31_relative_l2,M3,GIFT,20260820,5.0,0.0,180,180,0.0,0.0,0.0,0.0,0.0
N128,test_1040_1219,outer_P31_relative_l2,M3,GIFT,20260820,5.1,0.09999999999999964,180,180,0.7809075224450168,0.08564330936248311,0.7852579752944094,0.936506246504432,0.9904730199471561
N128,test_1040_1219,outer_P31_relative_l2,M3,GIFT,20260820,5.2,0.20000000000000018,180,180,0.8993732776384948,0.10130575002588998,0.9010738955671607,1.0756690020046067,1.328378457120484
N128,test_1040_1219,outer_P31_relative_l2,M3,GIFT,20260820,5.3,0.2999999999999998,180,180,0.9145451173232404,0.11589138610271403,0.8946854844439152,1.106107353949801,1.4117406978870195
N128,test_1040_1219,outer_P31_relative_l2,M3,GIFT,20260820,5.4,0.40000000000000036,180,180,0.9073948470576488,0.11379668871215128,0.8908628580785829,1.1054412934130122,1.3793054595986372
N128,test_1040_1219,outer_P31_relative_l2,M3,GIFT,20260820,5.5,0.5,180,180,0.905860910082854,0.1157336078828985,0.8933268438134752,1.0911181046945417,1.470618408768547
N128,test_1040_1219,outer_P31_relative_l2,M3,GIFT,20260820,5.6,0.5999999999999996,180,180,0.9073772834179954,0.10982797758126824,0.8936444053099002,1.1068289114162078,1.2361661640940838
N128,test_1040_1219,outer_P31_relative_l2,M3,GIFT,20260820,5.7,0.7000000000000002,180,180,0.9045186665436279,0.10874177168271024,0.8929900287671897,1.0930536086218583,1.201008220354389
N128,test_1040_1219,outer_P31_relative_l2,M3,GIFT,20260820,5.8,0.7999999999999998,180,180,0.9007517438704065,0.10636388399302493,0.9013456775512754,1.0753570511769421,1.1521043123428159
N128,test_1040_1219,outer_P31_relative_l2,M3,GIFT,20260820,5.9,0.9000000000000004,180,180,0.8956333556862294,0.10192757464117469,0.8847891018562405,1.054016451308279,1.2326493813091757
N128,test_1040_1219,outer_P31_relative_l2,M3,GIFT,20260820,6.0,1.0,180,180,0.8935899722742148,0.10171207011272178,0.8836275211762661,1.0755852071450747,1.2814869576402879
N128,test_1040_1219,reliable_outer_P31_relative_l2,M3,GIFT,20260820,5.0,0.0,180,180,0.0,0.0,0.0,0.0,0.0
N128,test_1040_1219,reliable_outer_P31_relative_l2,M3,GIFT,20260820,5.1,0.09999999999999964,180,180,0.7808901847946101,0.08564731281224361,0.7852433124314258,0.9365085739433401,0.9905098572475415
N128,test_1040_1219,reliable_outer_P31_relative_l2,M3,GIFT,20260820,5.2,0.20000000000000018,180,180,0.8993709729323482,0.10132147337196803,0.9010685765530599,1.0757070237864368,1.3283798819146262
N128,test_1040_1219,reliable_outer_P31_relative_l2,M3,GIFT,20260820,5.3,0.2999999999999998,180,180,0.9145436947108323,0.11591388118594492,0.8946788685342462,1.1061077376884632,1.412042613826457
N128,test_1040_1219,reliable_outer_P31_relative_l2,M3,GIFT,20260820,5.4,0.40000000000000036,180,180,0.9073899070913656,0.11380869154632842,0.8908547980121264,1.1054616538817033,1.379441104056165
N128,test_1040_1219,reliable_outer_P31_relative_l2,M3,GIFT,20260820,5.5,0.5,180,180,0.9058554096598369,0.11574533850627172,0.8933167850852402,1.09112074066214,1.4707673294336612
N128,test_1040_1219,reliable_outer_P31_relative_l2,M3,GIFT,20260820,5.6,0.5999999999999996,180,180,0.9073718563285192,0.10983444798029744,0.8936438504538735,1.1068365347831048,1.236245945022243
N128,test_1040_1219,reliable_outer_P31_relative_l2,M3,GIFT,20260820,5.7,0.7000000000000002,180,180,0.9045118248549634,0.10874105399807671,0.8929555904599651,1.093103471876467,1.2006974398582229
N128,test_1040_1219,reliable_outer_P31_relative_l2,M3,GIFT,20260820,5.8,0.7999999999999998,180,180,0.9007450922357347,0.10636401720587035,0.9013427782230263,1.0753577179248963,1.1520608225450564
N128,test_1040_1219,reliable_outer_P31_relative_l2,M3,GIFT,20260820,5.9,0.9000000000000004,180,180,0.8956267100259028,0.10193079110476749,0.8847870287993085,1.0540167807516945,1.2326538187752194
N128,test_1040_1219,reliable_outer_P31_relative_l2,M3,GIFT,20260820,6.0,1.0,180,180,0.8935841349593185,0.10171459686865707,0.8836222960831491,1.075588828361023,1.2815236223130573
N128,test_1040_1219,full_relative_l2,M3,GIFT,20260821,5.0,0.0,180,180,0.0,0.0,0.0,0.0,0.0
N128,test_1040_1219,full_relative_l2,M3,GIFT,20260821,5.1,0.09999999999999964,180,180,0.015476322421286564,0.0031575341100749284,0.015112004056830927,0.02137993122361944,0.023136652449193756
N128,test_1040_1219,full_relative_l2,M3,GIFT,20260821,5.2,0.20000000000000018,180,180,0.019810701548244904,0.004076531062187391,0.01938241651687826,0.02712877955059331,0.030144836823752748
N128,test_1040_1219,full_relative_l2,M3,GIFT,20260821,5.3,0.2999999999999998,180,180,0.02129279678048922,0.0045943561208580735,0.020897366555761507,0.02951742853447227,0.03412363608031
N128,test_1040_1219,full_relative_l2,M3,GIFT,20260821,5.4,0.40000000000000036,180,180,0.021753664100254515,0.0048497894144391394,0.021340622788399884,0.0303325724613786,0.0349132245901766
N128,test_1040_1219,full_relative_l2,M3,GIFT,20260821,5.5,0.5,180,180,0.02179237489611447,0.0048749405188662324,0.021470267050030543,0.030161943597676547,0.03472702035563411
N128,test_1040_1219,full_relative_l2,M3,GIFT,20260821,5.6,0.5999999999999996,180,180,0.021697124575075256,0.004832937597659713,0.021632199704385693,0.029866333433982505,0.03456924058345457
N128,test_1040_1219,full_relative_l2,M3,GIFT,20260821,5.7,0.7000000000000002,180,180,0.0215625204663365,0.004772091455433638,0.02124564313726339,0.030004345602755517,0.03639964791345818
N128,test_1040_1219,full_relative_l2,M3,GIFT,20260821,5.8,0.7999999999999998,180,180,0.021321959170052196,0.004712804359534466,0.02090162622246773,0.029045783506422,0.03715246585723873
N128,test_1040_1219,full_relative_l2,M3,GIFT,20260821,5.9,0.9000000000000004,180,180,0.021117851554949944,0.004718968221617059,0.020776113657290436,0.02870660400547538,0.037187177082154285
N128,test_1040_1219,full_relative_l2,M3,GIFT,20260821,6.0,1.0,180,180,0.020926997466795987,0.0047619967247418595,0.020324956440461187,0.028708200530353428,0.037244045748730914
N128,test_1040_1219,P21_relative_l2,M3,GIFT,20260821,5.0,0.0,180,180,0.0,0.0,0.0,0.0,0.0
N128,test_1040_1219,P21_relative_l2,M3,GIFT,20260821,5.1,0.09999999999999964,180,180,0.01276072971649853,0.002530212725633197,0.012592287295531473,0.017330345699180114,0.019136149355669596
N128,test_1040_1219,P21_relative_l2,M3,GIFT,20260821,5.2,0.20000000000000018,180,180,0.016893397155970664,0.003350956239528725,0.01666023771497689,0.022365406523935413,0.025486672303818413
N128,test_1040_1219,P21_relative_l2,M3,GIFT,20260821,5.3,0.2999999999999998,180,180,0.018591009231415104,0.0038649468986518415,0.01823159506371325,0.025638824353554687,0.029528566869693167
N128,test_1040_1219,P21_relative_l2,M3,GIFT,20260821,5.4,0.40000000000000036,180,180,0.01925313992469385,0.0041530448223428,0.01872715366412174,0.026258733941908877,0.030179986666859976
N128,test_1040_1219,P21_relative_l2,M3,GIFT,20260821,5.5,0.5,180,180,0.019449624940869367,0.004218398064119972,0.01920178507123025,0.027247411584655358,0.030675423973450036
N128,test_1040_1219,P21_relative_l2,M3,GIFT,20260821,5.6,0.5999999999999996,180,180,0.019519692064967353,0.004222446427832481,0.019356743235777282,0.02657675711654295,0.02994470174912218
N128,test_1040_1219,P21_relative_l2,M3,GIFT,20260821,5.7,0.7000000000000002,180,180,0.019509004111455876,0.00420073058143533,0.019389796235485268,0.02700986710890401,0.03146231645402147
N128,test_1040_1219,P21_relative_l2,M3,GIFT,20260821,5.8,0.7999999999999998,180,180,0.019389358736042802,0.004218099286178352,0.019022571657957135,0.02620359324233357,0.03323529422019165
N128,test_1040_1219,P21_relative_l2,M3,GIFT,20260821,5.9,0.9000000000000004,180,180,0.01929552916098585,0.004238722572377521,0.018998520218431306,0.026388098103756433,0.033605671068643504
N128,test_1040_1219,P21_relative_l2,M3,GIFT,20260821,6.0,1.0,180,180,0.019203717032464686,0.0042834592826027865,0.018753152713811776,0.026283469322259983,0.03366353428251372
N128,test_1040_1219,Q21_relative_l2,M3,GIFT,20260821,5.0,0.0,180,180,0.0,0.0,0.0,0.0,0.0
N128,test_1040_1219,Q21_relative_l2,M3,GIFT,20260821,5.1,0.09999999999999964,180,180,0.26601160683745784,0.028972063732018855,0.2634188083402929,0.3128623980818432,0.34884784473226604
N128,test_1040_1219,Q21_relative_l2,M3,GIFT,20260821,5.2,0.20000000000000018,180,180,0.32176190515775765,0.0350773717965604,0.31821211147098505,0.3892557560745427,0.4262722862787565
N128,test_1040_1219,Q21_relative_l2,M3,GIFT,20260821,5.3,0.2999999999999998,180,180,0.33095730833327114,0.03637028540224866,0.32805095499754044,0.39796453595628517,0.464364715298459
N128,test_1040_1219,Q21_relative_l2,M3,GIFT,20260821,5.4,0.40000000000000036,180,180,0.3337720111301712,0.037362823956737436,0.32680276000981845,0.40341634397916215,0.4678165657173553
N128,test_1040_1219,Q21_relative_l2,M3,GIFT,20260821,5.5,0.5,180,180,0.334168245387289,0.03961935210121114,0.329812078405003,0.408137830021526,0.4693006738240726
N128,test_1040_1219,Q21_relative_l2,M3,GIFT,20260821,5.6,0.5999999999999996,180,180,0.3294751854991707,0.03942518480191248,0.3252754110334236,0.3984229424342768,0.46039959211118914
N128,test_1040_1219,Q21_relative_l2,M3,GIFT,20260821,5.7,0.7000000000000002,180,180,0.3268063877939762,0.03943838425998958,0.3253455030893354,0.39817562244826815,0.44414299573163474
N128,test_1040_1219,Q21_relative_l2,M3,GIFT,20260821,5.8,0.7999999999999998,180,180,0.32610285849177956,0.039129769838985244,0.32174025581325,0.39887231914071186,0.45900648350108453
N128,test_1040_1219,Q21_relative_l2,M3,GIFT,20260821,5.9,0.9000000000000004,180,180,0.3257963242307039,0.03606911404798338,0.32439271224386446,0.3838287046484333,0.4602383133979653
N128,test_1040_1219,Q21_relative_l2,M3,GIFT,20260821,6.0,1.0,180,180,0.3228177648610685,0.03653663577073307,0.3214772877726214,0.3867311940656323,0.4409515111337306
N128,test_1040_1219,P22_31_relative_l2,M3,GIFT,20260821,5.0,0.0,180,180,0.0,0.0,0.0,0.0,0.0
N128,test_1040_1219,P22_31_relative_l2,M3,GIFT,20260821,5.1,0.09999999999999964,180,180,0.2067130011113586,0.02174983381680723,0.20390335751175548,0.24901652951294184,0.2818355371060748
N128,test_1040_1219,P22_31_relative_l2,M3,GIFT,20260821,5.2,0.20000000000000018,180,180,0.25799012195892546,0.02722416114194425,0.2548108348717516,0.3055538865081847,0.3359285618694607
N128,test_1040_1219,P22_31_relative_l2,M3,GIFT,20260821,5.3,0.2999999999999998,180,180,0.26808160993351493,0.028032027087645912,0.26569197202956235,0.31301129279425954,0.3497800783865701
N128,test_1040_1219,P22_31_relative_l2,M3,GIFT,20260821,5.4,0.40000000000000036,180,180,0.2726354652754897,0.028163569210699988,0.2709543395767338,0.31976042550230294,0.3490635147017046
N128,test_1040_1219,P22_31_relative_l2,M3,GIFT,20260821,5.5,0.5,180,180,0.2740128265349168,0.030470501140104002,0.27158009511249886,0.3289200068788054,0.36789270722908674
N128,test_1040_1219,P22_31_relative_l2,M3,GIFT,20260821,5.6,0.5999999999999996,180,180,0.2719202632251557,0.03147854657513874,0.2702684866226852,0.32352906879958615,0.3901330911787891
N128,test_1040_1219,P22_31_relative_l2,M3,GIFT,20260821,5.7,0.7000000000000002,180,180,0.2709456572747151,0.03136014011668006,0.2664214347702434,0.3281281115342112,0.3841734882311422
N128,test_1040_1219,P22_31_relative_l2,M3,GIFT,20260821,5.8,0.7999999999999998,180,180,0.27133081518668517,0.03195037017564939,0.2670414125320333,0.3264962358632392,0.3679589774391783
N128,test_1040_1219,P22_31_relative_l2,M3,GIFT,20260821,5.9,0.9000000000000004,180,180,0.2719891622534091,0.032554778035771975,0.26764618410149854,0.3308104732940988,0.3846574938227007
N128,test_1040_1219,P22_31_relative_l2,M3,GIFT,20260821,6.0,1.0,180,180,0.27084761594157486,0.031164743401245636,0.26919965527737477,0.32413172424710907,0.41836485483354235
N128,test_1040_1219,outer_P31_relative_l2,M3,GIFT,20260821,5.0,0.0,180,180,0.0,0.0,0.0,0.0,0.0
N128,test_1040_1219,outer_P31_relative_l2,M3,GIFT,20260821,5.1,0.09999999999999964,180,180,0.7603240485676944,0.08613629612833451,0.754525908961571,0.9198307220422622,0.9721794913505297
N128,test_1040_1219,outer_P31_relative_l2,M3,GIFT,20260821,5.2,0.20000000000000018,180,180,0.8839835743567676,0.09639608737670849,0.878553008264737,1.059363784430267,1.1440764376805233
N128,test_1040_1219,outer_P31_relative_l2,M3,GIFT,20260821,5.3,0.2999999999999998,180,180,0.8967879941406336,0.10835977449253092,0.8791224994400193,1.0967189732009246,1.2484420086898547
N128,test_1040_1219,outer_P31_relative_l2,M3,GIFT,20260821,5.4,0.40000000000000036,180,180,0.8873366680484013,0.10550881546149264,0.8751519037896898,1.0619521139392112,1.2120408662556665
N128,test_1040_1219,outer_P31_relative_l2,M3,GIFT,20260821,5.5,0.5,180,180,0.8933453208414855,0.11028597810992243,0.8884048949653716,1.0867800531677807,1.3020690761776104
N128,test_1040_1219,outer_P31_relative_l2,M3,GIFT,20260821,5.6,0.5999999999999996,180,180,0.8973236453010941,0.11235662546947817,0.887830600582898,1.0904317858181252,1.1768068774171774
N128,test_1040_1219,outer_P31_relative_l2,M3,GIFT,20260821,5.7,0.7000000000000002,180,180,0.888128603985716,0.11182024921679079,0.8894721238360682,1.0743718592369274,1.2354528667489064
N128,test_1040_1219,outer_P31_relative_l2,M3,GIFT,20260821,5.8,0.7999999999999998,180,180,0.883366616044564,0.11156712368031005,0.8792457130038754,1.0744635786798322,1.2612545886569722
N128,test_1040_1219,outer_P31_relative_l2,M3,GIFT,20260821,5.9,0.9000000000000004,180,180,0.8788376241342288,0.10542028247357275,0.8629383792999179,1.0506207209749094,1.184184354149446
N128,test_1040_1219,outer_P31_relative_l2,M3,GIFT,20260821,6.0,1.0,180,180,0.8721534721808705,0.10433157359331138,0.8648400402471675,1.041509686698476,1.2293922596970772
N128,test_1040_1219,reliable_outer_P31_relative_l2,M3,GIFT,20260821,5.0,0.0,180,180,0.0,0.0,0.0,0.0,0.0
N128,test_1040_1219,reliable_outer_P31_relative_l2,M3,GIFT,20260821,5.1,0.09999999999999964,180,180,0.7603048341920893,0.08614054630154912,0.7545032864728006,0.9198184230092116,0.9721803519497595
N128,test_1040_1219,reliable_outer_P31_relative_l2,M3,GIFT,20260821,5.2,0.20000000000000018,180,180,0.8839747840507798,0.09640593717246103,0.8785477389846762,1.0593521855942825,1.1440759315682536
N128,test_1040_1219,reliable_outer_P31_relative_l2,M3,GIFT,20260821,5.3,0.2999999999999998,180,180,0.8967816691723497,0.10837769408322898,0.8791073720241951,1.0967276880552634,1.2486296968691215
N128,test_1040_1219,reliable_outer_P31_relative_l2,M3,GIFT,20260821,5.4,0.40000000000000036,180,180,0.8873272033282925,0.10551733022645444,0.875145126164484,1.0619566867689345,1.2121167284928787
N128,test_1040_1219,reliable_outer_P31_relative_l2,M3,GIFT,20260821,5.5,0.5,180,180,0.8933365707566617,0.11029573601743214,0.8884014815808189,1.086825513895307,1.3021763217511213
N128,test_1040_1219,reliable_outer_P31_relative_l2,M3,GIFT,20260821,5.6,0.5999999999999996,180,180,0.8973159153006751,0.11236494087637003,0.887813171686693,1.0904315119449497,1.1768634596749314
N128,test_1040_1219,reliable_outer_P31_relative_l2,M3,GIFT,20260821,5.7,0.7000000000000002,180,180,0.8881205471285673,0.11182594936599867,0.889456456402639,1.0744145729875978,1.2354542716432138
N128,test_1040_1219,reliable_outer_P31_relative_l2,M3,GIFT,20260821,5.8,0.7999999999999998,180,180,0.8833585541550212,0.11157141393082029,0.8792408552055244,1.0744647657528783,1.261256617671187
N128,test_1040_1219,reliable_outer_P31_relative_l2,M3,GIFT,20260821,5.9,0.9000000000000004,180,180,0.8788298582618571,0.10542252625853403,0.8629366122687134,1.0506205064530214,1.184214602260082
N128,test_1040_1219,reliable_outer_P31_relative_l2,M3,GIFT,20260821,6.0,1.0,180,180,0.8721444379261782,0.10433304127100876,0.8648379237246495,1.041511072584424,1.2294059569188243
N128,test_1040_1219,full_relative_l2,M3,GIFT,20260822,5.0,0.0,180,180,0.0,0.0,0.0,0.0,0.0
N128,test_1040_1219,full_relative_l2,M3,GIFT,20260822,5.1,0.09999999999999964,180,180,0.015485964253531886,0.0031308468260060423,0.01514321648374388,0.0212421127125337,0.023624653594735565
N128,test_1040_1219,full_relative_l2,M3,GIFT,20260822,5.2,0.20000000000000018,180,180,0.019803892954978093,0.004037338849233112,0.019544361334519395,0.02681401754049458,0.03047788004018379
N128,test_1040_1219,full_relative_l2,M3,GIFT,20260822,5.3,0.2999999999999998,180,180,0.021286064102382155,0.004554893939729958,0.020837350415792627,0.029075933232113924,0.034487529370522525
N128,test_1040_1219,full_relative_l2,M3,GIFT,20260822,5.4,0.40000000000000036,180,180,0.021747133904580832,0.004808048569693857,0.02125321521027302,0.03010672623464766,0.035077099896917915
N128,test_1040_1219,full_relative_l2,M3,GIFT,20260822,5.5,0.5,180,180,0.021774009780872898,0.0048231110255163336,0.021339292302282514,0.030009737864191432,0.03414678738463201
N128,test_1040_1219,full_relative_l2,M3,GIFT,20260822,5.6,0.5999999999999996,180,180,0.021684407432860285,0.004787997335538673,0.02149347724039956,0.030032499595572682,0.03400452079252332
N128,test_1040_1219,full_relative_l2,M3,GIFT,20260822,5.7,0.7000000000000002,180,180,0.02157001604475715,0.004752889844949589,0.021263451146980666,0.03008178455411485,0.03611669978852438
N128,test_1040_1219,full_relative_l2,M3,GIFT,20260822,5.8,0.7999999999999998,180,180,0.021333570947034097,0.004709562983900288,0.020880842727562382,0.02905654462227024,0.03725728203749901
N128,test_1040_1219,full_relative_l2,M3,GIFT,20260822,5.9,0.9000000000000004,180,180,0.021117733393402383,0.0047204039554357225,0.02063227092843916,0.0287806155203327,0.03759218408739553
N128,test_1040_1219,full_relative_l2,M3,GIFT,20260822,6.0,1.0,180,180,0.02092909187494612,0.004782716566598349,0.02036628214436858,0.028599250929418753,0.03761739764098316
N128,test_1040_1219,P21_relative_l2,M3,GIFT,20260822,5.0,0.0,180,180,0.0,0.0,0.0,0.0,0.0
N128,test_1040_1219,P21_relative_l2,M3,GIFT,20260822,5.1,0.09999999999999964,180,180,0.012760729180070114,0.0025302121693156782,0.012592292688828475,0.017330345033453338,0.019136153015822353
N128,test_1040_1219,P21_relative_l2,M3,GIFT,20260822,5.2,0.20000000000000018,180,180,0.01689339690493904,0.003350955371471349,0.016660240522467874,0.02236540910491116,0.025486663236381504
N128,test_1040_1219,P21_relative_l2,M3,GIFT,20260822,5.3,0.2999999999999998,180,180,0.018591008909376573,0.003864946594481139,0.018231599539413855,0.02563881715680154,0.029528563426267192
N128,test_1040_1219,P21_relative_l2,M3,GIFT,20260822,5.4,0.40000000000000036,180,180,0.01925313891411206,0.004153044550840506,0.01872716541143632,0.02625873398513897,0.030179974535094748
N128,test_1040_1219,P21_relative_l2,M3,GIFT,20260822,5.5,0.5,180,180,0.019449624951862556,0.004218397781725594,0.019201803105990574,0.02724743087510721,0.03067540241624983
N128,test_1040_1219,P21_relative_l2,M3,GIFT,20260822,5.6,0.5999999999999996,180,180,0.019519692297731147,0.004222444960974162,0.019356736778275964,0.026576722979607958,0.029944652301336406
N128,test_1040_1219,P21_relative_l2,M3,GIFT,20260822,5.7,0.7000000000000002,180,180,0.019509005566634985,0.004200728599273775,0.019389826704873964,0.027009819681160764,0.031462218233217217
N128,test_1040_1219,P21_relative_l2,M3,GIFT,20260822,5.8,0.7999999999999998,180,180,0.01938936304232608,0.00421809805713215,0.019022589100734084,0.026203618394567932,0.03323516416743115
N128,test_1040_1219,P21_relative_l2,M3,GIFT,20260822,5.9,0.9000000000000004,180,180,0.01929553582967279,0.004238721605543577,0.0189984985030764,0.026388001022963993,0.033605502437544926
N128,test_1040_1219,P21_relative_l2,M3,GIFT,20260822,6.0,1.0,180,180,0.019203728206863967,0.004283456689681419,0.018753180951430207,0.02628341409058642,0.03366330555938607
N128,test_1040_1219,Q21_relative_l2,M3,GIFT,20260822,5.0,0.0,180,180,0.0,0.0,0.0,0.0,0.0
N128,test_1040_1219,Q21_relative_l2,M3,GIFT,20260822,5.1,0.09999999999999964,180,180,0.2668494612201039,0.02781691671404259,0.2623887830277529,0.30852612978633265,0.3585345434759935
N128,test_1040_1219,Q21_relative_l2,M3,GIFT,20260822,5.2,0.20000000000000018,180,180,0.32176000983354536,0.03320010388369738,0.3184669397972867,0.38209730284572285,0.4504519307416533
N128,test_1040_1219,Q21_relative_l2,M3,GIFT,20260822,5.3,0.2999999999999998,180,180,0.33102081204313694,0.033866441491195574,0.32883236753627937,0.3889850232208507,0.4531430063404416
N128,test_1040_1219,Q21_relative_l2,M3,GIFT,20260822,5.4,0.40000000000000036,180,180,0.3337791411760357,0.03436642059578315,0.3283305786433953,0.39771164824976374,0.4387076990350402
N128,test_1040_1219,Q21_relative_l2,M3,GIFT,20260822,5.5,0.5,180,180,0.3333852187481354,0.036962873504177575,0.3277932049738852,0.40224226973302685,0.4663742321498358
N128,test_1040_1219,Q21_relative_l2,M3,GIFT,20260822,5.6,0.5999999999999996,180,180,0.3290658795624367,0.036922398363354265,0.32340761435569887,0.3889176515735107,0.46984931304757505
N128,test_1040_1219,Q21_relative_l2,M3,GIFT,20260822,5.7,0.7000000000000002,180,180,0.32784213128888273,0.03811069897587231,0.32549076382538344,0.39250815376581527,0.4393201938447562
N128,test_1040_1219,Q21_relative_l2,M3,GIFT,20260822,5.8,0.7999999999999998,180,180,0.32741928793771335,0.037326535220811655,0.324994754283343,0.3957792619700913,0.45263806623409514
N128,test_1040_1219,Q21_relative_l2,M3,GIFT,20260822,5.9,0.9000000000000004,180,180,0.32590276040623456,0.03535673287111135,0.324817966351559,0.38463512993705107,0.4434300311366076
N128,test_1040_1219,Q21_relative_l2,M3,GIFT,20260822,6.0,1.0,180,180,0.32275266518748386,0.036938912885935336,0.32177463852837973,0.38611553653513053,0.42487526070368764
N128,test_1040_1219,P22_31_relative_l2,M3,GIFT,20260822,5.0,0.0,180,180,0.0,0.0,0.0,0.0,0.0
N128,test_1040_1219,P22_31_relative_l2,M3,GIFT,20260822,5.1,0.09999999999999964,180,180,0.20792599497933398,0.021424755875666383,0.20470257741717823,0.24982186131845543,0.2918686102582111
N128,test_1040_1219,P22_31_relative_l2,M3,GIFT,20260822,5.2,0.20000000000000018,180,180,0.2591783200576067,0.02616748360482588,0.25678677522486504,0.30735506539773577,0.3421491239778257
N128,test_1040_1219,P22_31_relative_l2,M3,GIFT,20260822,5.3,0.2999999999999998,180,180,0.2697516022022658,0.02704548297987927,0.26891129526087043,0.3168975527916294,0.3499732123177873
N128,test_1040_1219,P22_31_relative_l2,M3,GIFT,20260822,5.4,0.40000000000000036,180,180,0.27381665377217224,0.02675964666314652,0.27260389837242127,0.3143373837621361,0.3455627341260229
N128,test_1040_1219,P22_31_relative_l2,M3,GIFT,20260822,5.5,0.5,180,180,0.27422705223950217,0.028391373942259258,0.2722280982759844,0.32226854190914966,0.3533734905172601
N128,test_1040_1219,P22_31_relative_l2,M3,GIFT,20260822,5.6,0.5999999999999996,180,180,0.27202649084350133,0.029388556917460226,0.2695310246351661,0.31517296448582366,0.3788715625008531
N128,test_1040_1219,P22_31_relative_l2,M3,GIFT,20260822,5.7,0.7000000000000002,180,180,0.2726057283733437,0.03088524805533265,0.2697840102627129,0.3315862603883598,0.36939029281232205
N128,test_1040_1219,P22_31_relative_l2,M3,GIFT,20260822,5.8,0.7999999999999998,180,180,0.2734262911186503,0.031567171327026536,0.2704839238988421,0.3247094122202282,0.36936624062308127
N128,test_1040_1219,P22_31_relative_l2,M3,GIFT,20260822,5.9,0.9000000000000004,180,180,0.27246414482797715,0.03189426736275976,0.2712503641236663,0.32827082146296427,0.3928793999883612
N128,test_1040_1219,P22_31_relative_l2,M3,GIFT,20260822,6.0,1.0,180,180,0.2708621374517431,0.0312047993412783,0.2694776653172739,0.3228790626417683,0.39116223236646197
N128,test_1040_1219,outer_P31_relative_l2,M3,GIFT,20260822,5.0,0.0,180,180,0.0,0.0,0.0,0.0,0.0
N128,test_1040_1219,outer_P31_relative_l2,M3,GIFT,20260822,5.1,0.09999999999999964,180,180,0.7597326466573608,0.07838008960881579,0.7617666052177015,0.8910665538247688,0.9444896892919938
N128,test_1040_1219,outer_P31_relative_l2,M3,GIFT,20260822,5.2,0.20000000000000018,180,180,0.8779556238041787,0.08855911407276026,0.8739300269347098,1.0425451874994414,1.1149028200298783
N128,test_1040_1219,outer_P31_relative_l2,M3,GIFT,20260822,5.3,0.2999999999999998,180,180,0.8873848911874824,0.09654254369788164,0.8826069348842588,1.0521226781278792,1.217190427282991
N128,test_1040_1219,outer_P31_relative_l2,M3,GIFT,20260822,5.4,0.40000000000000036,180,180,0.8805593931018848,0.10248088744963044,0.8694926807842309,1.06721683625211,1.218013278668023
N128,test_1040_1219,outer_P31_relative_l2,M3,GIFT,20260822,5.5,0.5,180,180,0.8863313645521026,0.10627986655075142,0.8698898008938449,1.0732057513835445,1.259598862909264
N128,test_1040_1219,outer_P31_relative_l2,M3,GIFT,20260822,5.6,0.5999999999999996,180,180,0.8932224554863811,0.10460085225800515,0.8823877041598771,1.080087816768001,1.249230360276412
N128,test_1040_1219,outer_P31_relative_l2,M3,GIFT,20260822,5.7,0.7000000000000002,180,180,0.8859118924934626,0.10612674125716312,0.8825406603259932,1.0805669101493032,1.1877367319463366
N128,test_1040_1219,outer_P31_relative_l2,M3,GIFT,20260822,5.8,0.7999999999999998,180,180,0.8804948716387286,0.10546333661204253,0.8690266237831026,1.0699412588573218,1.2164689889018265
N128,test_1040_1219,outer_P31_relative_l2,M3,GIFT,20260822,5.9,0.9000000000000004,180,180,0.8768600976118976,0.0977797647626718,0.8705459625599525,1.055456608062981,1.1680369090433966
N128,test_1040_1219,outer_P31_relative_l2,M3,GIFT,20260822,6.0,1.0,180,180,0.8718334202033156,0.09956987299198364,0.8513919091547391,1.0514153322213833,1.1827416891917082
N128,test_1040_1219,reliable_outer_P31_relative_l2,M3,GIFT,20260822,5.0,0.0,180,180,0.0,0.0,0.0,0.0,0.0
N128,test_1040_1219,reliable_outer_P31_relative_l2,M3,GIFT,20260822,5.1,0.09999999999999964,180,180,0.7597122742185598,0.07838173548280525,0.7615719476550554,0.8910624763243323,0.9444873077067136
N128,test_1040_1219,reliable_outer_P31_relative_l2,M3,GIFT,20260822,5.2,0.20000000000000018,180,180,0.8779464960429926,0.08856939727581782,0.8739120530940783,1.0425650667527526,1.1149033992783897
N128,test_1040_1219,reliable_outer_P31_relative_l2,M3,GIFT,20260822,5.3,0.2999999999999998,180,180,0.8873786275442591,0.09655756623196966,0.8825540849701478,1.052204703220033,1.2173624972923514
N128,test_1040_1219,reliable_outer_P31_relative_l2,M3,GIFT,20260822,5.4,0.40000000000000036,180,180,0.8805501009309976,0.1024883772397192,0.869486810278002,1.067207940385043,1.21801599559537
N128,test_1040_1219,reliable_outer_P31_relative_l2,M3,GIFT,20260822,5.5,0.5,180,180,0.8863246486339768,0.10629024360188963,0.8698766409856589,1.073207693746487,1.2596954002537155
N128,test_1040_1219,reliable_outer_P31_relative_l2,M3,GIFT,20260822,5.6,0.5999999999999996,180,180,0.893214978113414,0.104608463115142,0.8823636502840506,1.0801199564548751,1.2493199913186408
N128,test_1040_1219,reliable_outer_P31_relative_l2,M3,GIFT,20260822,5.7,0.7000000000000002,180,180,0.8859032037449348,0.10613241312159309,0.8825348983028996,1.0805683915230586,1.1878083604772638
N128,test_1040_1219,reliable_outer_P31_relative_l2,M3,GIFT,20260822,5.8,0.7999999999999998,180,180,0.8804866299319839,0.10546829576553168,0.8690040242225779,1.0699407147176327,1.216476902003209
N128,test_1040_1219,reliable_outer_P31_relative_l2,M3,GIFT,20260822,5.9,0.9000000000000004,180,180,0.8768514677915865,0.09778391559392552,0.8705354578447824,1.0554575402828703,1.16803980763133
N128,test_1040_1219,reliable_outer_P31_relative_l2,M3,GIFT,20260822,6.0,1.0,180,180,0.8718251180933919,0.09957492384726623,0.8513827658170248,1.051415951434201,1.1827763448126247
N128,test_1040_1219,full_relative_l2,M3,GIFT-Lite,20260820,5.0,0.0,180,180,0.0,0.0,0.0,0.0,0.0
N128,test_1040_1219,full_relative_l2,M3,GIFT-Lite,20260820,5.1,0.09999999999999964,180,180,0.01909194548126922,0.0038072768555422456,0.019070086452432616,0.025584198110386657,0.028613568647671533
N128,test_1040_1219,full_relative_l2,M3,GIFT-Lite,20260820,5.2,0.20000000000000018,180,180,0.02669353124209333,0.005286076171474036,0.026165223055532025,0.03560162510406249,0.04025225433349768
N128,test_1040_1219,full_relative_l2,M3,GIFT-Lite,20260820,5.3,0.2999999999999998,180,180,0.030392462369270002,0.006135547467592405,0.02942253709377332,0.04109758535780658,0.049342113335930325
N128,test_1040_1219,full_relative_l2,M3,GIFT-Lite,20260820,5.4,0.40000000000000036,180,180,0.03275955628424286,0.006885480456660236,0.03192954692502531,0.04470698818741412,0.05360068051197642
N128,test_1040_1219,full_relative_l2,M3,GIFT-Lite,20260820,5.5,0.5,180,180,0.034482270949466556,0.00764458823543764,0.03359675141500871,0.04788710389194596,0.06066639369688643
N128,test_1040_1219,full_relative_l2,M3,GIFT-Lite,20260820,5.6,0.5999999999999996,180,180,0.035936985805668994,0.008323898625331044,0.03482848217697039,0.05091989663637522,0.066054929047581
N128,test_1040_1219,full_relative_l2,M3,GIFT-Lite,20260820,5.7,0.7000000000000002,180,180,0.03706780443248012,0.008783624021397986,0.035578167056289946,0.054101268957717365,0.06751531187323671
N128,test_1040_1219,full_relative_l2,M3,GIFT-Lite,20260820,5.8,0.7999999999999998,180,180,0.03797917418116312,0.009310246170245989,0.03647813152316731,0.057950659316384795,0.06850106013682146
N128,test_1040_1219,full_relative_l2,M3,GIFT-Lite,20260820,5.9,0.9000000000000004,180,180,0.03882940325510724,0.010087877369400517,0.0375834204201389,0.05809250553761282,0.07894427251615095
N128,test_1040_1219,full_relative_l2,M3,GIFT-Lite,20260820,6.0,1.0,180,180,0.03977138811232993,0.011349368930679206,0.03784957518694866,0.057641750210358195,0.10426049972097849
N128,test_1040_1219,P21_relative_l2,M3,GIFT-Lite,20260820,5.0,0.0,180,180,0.0,0.0,0.0,0.0,0.0
N128,test_1040_1219,P21_relative_l2,M3,GIFT-Lite,20260820,5.1,0.09999999999999964,180,180,0.0136635488646558,0.002593351769229366,0.013325682626624973,0.01828349486513585,0.020301676026112842
N128,test_1040_1219,P21_relative_l2,M3,GIFT-Lite,20260820,5.2,0.20000000000000018,180,180,0.01944363857672315,0.00373575713520992,0.01890674347612461,0.02588974836680584,0.029750445064820764
N128,test_1040_1219,P21_relative_l2,M3,GIFT-Lite,20260820,5.3,0.2999999999999998,180,180,0.02330292880050858,0.0047919748375541355,0.0230569185599536,0.031815141140575647,0.03891280987196487
N128,test_1040_1219,P21_relative_l2,M3,GIFT-Lite,20260820,5.4,0.40000000000000036,180,180,0.026381417586523744,0.005917028380951024,0.025749554313690123,0.03645875160895027,0.049059123718062925
N128,test_1040_1219,P21_relative_l2,M3,GIFT-Lite,20260820,5.5,0.5,180,180,0.02877707116691986,0.006960202703474869,0.027716987771133468,0.04091298176111903,0.05415192500197049
N128,test_1040_1219,P21_relative_l2,M3,GIFT-Lite,20260820,5.6,0.5999999999999996,180,180,0.030737836880106513,0.007816616959083122,0.02865822713271719,0.04384833297203391,0.060550437069582075
N128,test_1040_1219,P21_relative_l2,M3,GIFT-Lite,20260820,5.7,0.7000000000000002,180,180,0.03230446360712848,0.008405429615006167,0.030735950810176146,0.04831096546973843,0.06242581046772201
N128,test_1040_1219,P21_relative_l2,M3,GIFT-Lite,20260820,5.8,0.7999999999999998,180,180,0.03360431342022732,0.009063545247249517,0.03170038081497452,0.05422908255592225,0.06389716454912316
N128,test_1040_1219,P21_relative_l2,M3,GIFT-Lite,20260820,5.9,0.9000000000000004,180,180,0.03480453183246202,0.009867727752935129,0.03334537795681114,0.053372376749687846,0.07722899449344352
N128,test_1040_1219,P21_relative_l2,M3,GIFT-Lite,20260820,6.0,1.0,180,180,0.036024010630663184,0.011151914530186435,0.03452923739451884,0.0537464906065361,0.10256329717081679
N128,test_1040_1219,Q21_relative_l2,M3,GIFT-Lite,20260820,5.0,0.0,180,180,0.0,0.0,0.0,0.0,0.0
N128,test_1040_1219,Q21_relative_l2,M3,GIFT-Lite,20260820,5.1,0.09999999999999964,180,180,0.406291427751589,0.04968610520405471,0.3992108219827465,0.49097772210797486,0.5782463910969411
N128,test_1040_1219,Q21_relative_l2,M3,GIFT-Lite,20260820,5.2,0.20000000000000018,180,180,0.5702635631714045,0.06269170341346576,0.5633351033911214,0.6729052596988162,0.7605862964093291
N128,test_1040_1219,Q21_relative_l2,M3,GIFT-Lite,20260820,5.3,0.2999999999999998,180,180,0.6241429775208037,0.06573375833256623,0.6212589525896057,0.7366448380945381,0.7779357776233745
N128,test_1040_1219,Q21_relative_l2,M3,GIFT-Lite,20260820,5.4,0.40000000000000036,180,180,0.6416619343492072,0.06636319523684663,0.6351832148620427,0.7596109919676601,0.8566463915179386
N128,test_1040_1219,Q21_relative_l2,M3,GIFT-Lite,20260820,5.5,0.5,180,180,0.6463679122370065,0.07206207429144118,0.6386780796837113,0.7724787875107314,0.9560088135032542
N128,test_1040_1219,Q21_relative_l2,M3,GIFT-Lite,20260820,5.6,0.5999999999999996,180,180,0.6470031706817246,0.07295331456319704,0.6448271855853758,0.7503088515663618,0.9894705449112599
N128,test_1040_1219,Q21_relative_l2,M3,GIFT-Lite,20260820,5.7,0.7000000000000002,180,180,0.6460800186729445,0.07315447249742033,0.6435323424173705,0.7702972100553211,0.9573435184666605
N128,test_1040_1219,Q21_relative_l2,M3,GIFT-Lite,20260820,5.8,0.7999999999999998,180,180,0.647749976173871,0.07426105684315568,0.6428990829653062,0.7972782003053963,0.9134896999134222
N128,test_1040_1219,Q21_relative_l2,M3,GIFT-Lite,20260820,5.9,0.9000000000000004,180,180,0.6499660716511388,0.07637708793587307,0.6447102039207441,0.8002213027160363,0.9504079652576589
N128,test_1040_1219,Q21_relative_l2,M3,GIFT-Lite,20260820,6.0,1.0,180,180,0.649716621578256,0.07585142790991989,0.6466608634401603,0.7940406380583709,0.9383493155973244
N128,test_1040_1219,P22_31_relative_l2,M3,GIFT-Lite,20260820,5.0,0.0,180,180,0.0,0.0,0.0,0.0,0.0
N128,test_1040_1219,P22_31_relative_l2,M3,GIFT-Lite,20260820,5.1,0.09999999999999964,180,180,0.37906709058450694,0.046917646059885104,0.3715363368243672,0.46485307877301946,0.5661819505202919
N128,test_1040_1219,P22_31_relative_l2,M3,GIFT-Lite,20260820,5.2,0.20000000000000018,180,180,0.5374600498661751,0.059500387127521176,0.532311124805027,0.6454977568573661,0.7369897067687098
N128,test_1040_1219,P22_31_relative_l2,M3,GIFT-Lite,20260820,5.3,0.2999999999999998,180,180,0.588629731014871,0.062123414594726596,0.5837300280420235,0.69181241707404,0.7430130607961578
N128,test_1040_1219,P22_31_relative_l2,M3,GIFT-Lite,20260820,5.4,0.40000000000000036,180,180,0.6052296359450297,0.062386529816421836,0.600454807992274,0.7159637308577033,0.7767549216906626
N128,test_1040_1219,P22_31_relative_l2,M3,GIFT-Lite,20260820,5.5,0.5,180,180,0.6110600968128734,0.06892543701370923,0.6016317836510696,0.728356154107101,0.856552103879254
N128,test_1040_1219,P22_31_relative_l2,M3,GIFT-Lite,20260820,5.6,0.5999999999999996,180,180,0.6136951729571385,0.06950315213516647,0.6093311959830375,0.7171504381010988,0.9123975397132885
N128,test_1040_1219,P22_31_relative_l2,M3,GIFT-Lite,20260820,5.7,0.7000000000000002,180,180,0.6150956774330634,0.07130915003734309,0.6095311858736293,0.7348508869479369,0.9049981700646947
N128,test_1040_1219,P22_31_relative_l2,M3,GIFT-Lite,20260820,5.8,0.7999999999999998,180,180,0.6182574895324473,0.07314892499030144,0.6144107777001927,0.7591910825037871,0.8994655972771923
N128,test_1040_1219,P22_31_relative_l2,M3,GIFT-Lite,20260820,5.9,0.9000000000000004,180,180,0.6221354194663833,0.0757755050246463,0.6147598582867353,0.767064587760006,0.9406304066018998
N128,test_1040_1219,P22_31_relative_l2,M3,GIFT-Lite,20260820,6.0,1.0,180,180,0.6237017894947973,0.07588442291037623,0.6145098148724384,0.7684268843718418,0.9338917645271239
N128,test_1040_1219,outer_P31_relative_l2,M3,GIFT-Lite,20260820,5.0,0.0,180,180,0.0,0.0,0.0,0.0,0.0
N128,test_1040_1219,outer_P31_relative_l2,M3,GIFT-Lite,20260820,5.1,0.09999999999999964,180,180,0.7486827681199452,0.13684153746433686,0.7370073485662025,0.9780724587283006,1.1811977924027175
N128,test_1040_1219,outer_P31_relative_l2,M3,GIFT-Lite,20260820,5.2,0.20000000000000018,180,180,1.007014615703078,0.17917805024739192,0.9845406315308249,1.319072203266144,1.7289831635939168
N128,test_1040_1219,outer_P31_relative_l2,M3,GIFT-Lite,20260820,5.3,0.2999999999999998,180,180,1.1023012777267713,0.2171562911603644,1.0699265600189487,1.494165299012587,2.1237492635324213
N128,test_1040_1219,outer_P31_relative_l2,M3,GIFT-Lite,20260820,5.4,0.40000000000000036,180,180,1.1246815149518183,0.19385017212186278,1.1042831117271488,1.4939957833197608,1.7316677729237047
N128,test_1040_1219,outer_P31_relative_l2,M3,GIFT-Lite,20260820,5.5,0.5,180,180,1.131883027220396,0.19550651075791453,1.1071518276241632,1.4856905473892912,1.780632312423868
N128,test_1040_1219,outer_P31_relative_l2,M3,GIFT-Lite,20260820,5.6,0.5999999999999996,180,180,1.136486392528637,0.19678712101299703,1.1152536567991254,1.465004471078351,1.9585767519170874
N128,test_1040_1219,outer_P31_relative_l2,M3,GIFT-Lite,20260820,5.7,0.7000000000000002,180,180,1.113188977672072,0.1848388786217912,1.0832508343995346,1.4260403441512575,1.7755724236097186
N128,test_1040_1219,outer_P31_relative_l2,M3,GIFT-Lite,20260820,5.8,0.7999999999999998,180,180,1.1001729105620233,0.19079836923635618,1.0789552486704046,1.4034496715250726,1.8632474229242233
N128,test_1040_1219,outer_P31_relative_l2,M3,GIFT-Lite,20260820,5.9,0.9000000000000004,180,180,1.0832899252191521,0.1803053892141105,1.0717465501563326,1.4055606222569492,1.8445240691189808
N128,test_1040_1219,outer_P31_relative_l2,M3,GIFT-Lite,20260820,6.0,1.0,180,180,1.0710636670593485,0.16886642954245284,1.0534982667550423,1.3634914992926794,1.7729885428212582
N128,test_1040_1219,reliable_outer_P31_relative_l2,M3,GIFT-Lite,20260820,5.0,0.0,180,180,0.0,0.0,0.0,0.0,0.0
N128,test_1040_1219,reliable_outer_P31_relative_l2,M3,GIFT-Lite,20260820,5.1,0.09999999999999964,180,180,0.7486478194300847,0.13685542156460134,0.7369685099235064,0.9780520362648322,1.1812147579368892
N128,test_1040_1219,reliable_outer_P31_relative_l2,M3,GIFT-Lite,20260820,5.2,0.20000000000000018,180,180,1.0069772576049103,0.17917598454004555,0.9845398016909046,1.3190708566722833,1.7289829229792306
N128,test_1040_1219,reliable_outer_P31_relative_l2,M3,GIFT-Lite,20260820,5.3,0.2999999999999998,180,180,1.1022490483550897,0.21712012698648384,1.0699256297204962,1.4941613821397841,2.122059645271571
N128,test_1040_1219,reliable_outer_P31_relative_l2,M3,GIFT-Lite,20260820,5.4,0.40000000000000036,180,180,1.1246320171883277,0.19385221605708972,1.104280431896318,1.4939970106860674,1.7307577952963167
N128,test_1040_1219,reliable_outer_P31_relative_l2,M3,GIFT-Lite,20260820,5.5,0.5,180,180,1.1318361860304833,0.1955117769145142,1.1071620546071763,1.4855822783082342,1.7806332348898228
N128,test_1040_1219,reliable_outer_P31_relative_l2,M3,GIFT-Lite,20260820,5.6,0.5999999999999996,180,180,1.1364199432893098,0.19677872797018536,1.115245052734994,1.4649965690955251,1.9586315679320512
N128,test_1040_1219,reliable_outer_P31_relative_l2,M3,GIFT-Lite,20260820,5.7,0.7000000000000002,180,180,1.1131381399278641,0.18485524676988402,1.0832325586686373,1.426022554961292,1.7755907544866294
N128,test_1040_1219,reliable_outer_P31_relative_l2,M3,GIFT-Lite,20260820,5.8,0.7999999999999998,180,180,1.1001277931824673,0.19080554865798857,1.078667913018418,1.4034526079006495,1.8632471549164378
N128,test_1040_1219,reliable_outer_P31_relative_l2,M3,GIFT-Lite,20260820,5.9,0.9000000000000004,180,180,1.0832526046127386,0.1803038829572337,1.0717217320899644,1.4055566167204145,1.844524943298503
N128,test_1040_1219,reliable_outer_P31_relative_l2,M3,GIFT-Lite,20260820,6.0,1.0,180,180,1.0710232493262013,0.16883687858561094,1.0534917309101326,1.3634877670773313,1.7718012617210703
N128,test_1040_1219,full_relative_l2,M3,GIFT-Lite,20260821,5.0,0.0,180,180,0.0,0.0,0.0,0.0,0.0
N128,test_1040_1219,full_relative_l2,M3,GIFT-Lite,20260821,5.1,0.09999999999999964,180,180,0.018937472203729957,0.0037033620979375174,0.018641653432637635,0.02530411511650657,0.027982935060812193
N128,test_1040_1219,full_relative_l2,M3,GIFT-Lite,20260821,5.2,0.20000000000000018,180,180,0.026429127463575775,0.0051857290821697155,0.025758590822960704,0.03497169275739854,0.04233587314453515
N128,test_1040_1219,full_relative_l2,M3,GIFT-Lite,20260821,5.3,0.2999999999999998,180,180,0.03008887842424314,0.006069542084126121,0.02910776453462835,0.040853793230203814,0.051338972314481944
N128,test_1040_1219,full_relative_l2,M3,GIFT-Lite,20260821,5.4,0.40000000000000036,180,180,0.03249778879173481,0.006856815385049234,0.03180812592085413,0.044524732659365684,0.05448274059887802
N128,test_1040_1219,full_relative_l2,M3,GIFT-Lite,20260821,5.5,0.5,180,180,0.0342961249203008,0.007619211300591049,0.0337598117979907,0.04805214893301755,0.06193088085334873
N128,test_1040_1219,full_relative_l2,M3,GIFT-Lite,20260821,5.6,0.5999999999999996,180,180,0.03578314432522343,0.008324101586922775,0.03444718986700235,0.05074428624017014,0.06682118893234501
N128,test_1040_1219,full_relative_l2,M3,GIFT-Lite,20260821,5.7,0.7000000000000002,180,180,0.03696090578691451,0.008790064090888351,0.0355137869712831,0.05431783318937347,0.06799870578013811
N128,test_1040_1219,full_relative_l2,M3,GIFT-Lite,20260821,5.8,0.7999999999999998,180,180,0.03788069064616527,0.009313620369601986,0.036353726681353046,0.05833189136227651,0.06836982334668336
N128,test_1040_1219,full_relative_l2,M3,GIFT-Lite,20260821,5.9,0.9000000000000004,180,180,0.03873059493261214,0.010042514451561353,0.03730202553920964,0.0574640687920022,0.07871101746925453
N128,test_1040_1219,full_relative_l2,M3,GIFT-Lite,20260821,6.0,1.0,180,180,0.039663325949192155,0.011261283286085876,0.037783126646199705,0.05727118074431124,0.10390160480658167
N128,test_1040_1219,P21_relative_l2,M3,GIFT-Lite,20260821,5.0,0.0,180,180,0.0,0.0,0.0,0.0,0.0
N128,test_1040_1219,P21_relative_l2,M3,GIFT-Lite,20260821,5.1,0.09999999999999964,180,180,0.013663549260411679,0.002593352056899134,0.013325692654027919,0.01828350210833694,0.020301679091141406
N128,test_1040_1219,P21_relative_l2,M3,GIFT-Lite,20260821,5.2,0.20000000000000018,180,180,0.019443638852906387,0.0037357572951468177,0.018906744035496238,0.025889750000379526,0.029750446247416715
N128,test_1040_1219,P21_relative_l2,M3,GIFT-Lite,20260821,5.3,0.2999999999999998,180,180,0.023302928580085737,0.004791976231895894,0.023056906364665314,0.03181514125343431,0.038912805220985745
N128,test_1040_1219,P21_relative_l2,M3,GIFT-Lite,20260821,5.4,0.40000000000000036,180,180,0.02638141753294733,0.005917030960731329,0.025749575963344887,0.03645875217573536,0.049059122442860925
N128,test_1040_1219,P21_relative_l2,M3,GIFT-Lite,20260821,5.5,0.5,180,180,0.028777071040306204,0.006960207262110798,0.02771700682935115,0.0409129546975182,0.0541519297379651
N128,test_1040_1219,P21_relative_l2,M3,GIFT-Lite,20260821,5.6,0.5999999999999996,180,180,0.03073783583783464,0.007816623113889698,0.028658261798820965,0.04384833159966027,0.06055043961223779
N128,test_1040_1219,P21_relative_l2,M3,GIFT-Lite,20260821,5.7,0.7000000000000002,180,180,0.03230445969347417,0.008405437014304898,0.030735964662033887,0.04831101184132877,0.062425802626624685
N128,test_1040_1219,P21_relative_l2,M3,GIFT-Lite,20260821,5.8,0.7999999999999998,180,180,0.03360430674092282,0.00906355529572374,0.031700375440287115,0.054229345821342256,0.06389715023640653
N128,test_1040_1219,P21_relative_l2,M3,GIFT-Lite,20260821,5.9,0.9000000000000004,180,180,0.034804524125061014,0.009867738974610917,0.03334545601955047,0.053372249433662526,0.07722905404082014
N128,test_1040_1219,P21_relative_l2,M3,GIFT-Lite,20260821,6.0,1.0,180,180,0.03602400125611126,0.011151928100012557,0.03452923125697715,0.053746381208606024,0.1025634274946931
N128,test_1040_1219,Q21_relative_l2,M3,GIFT-Lite,20260821,5.0,0.0,180,180,0.0,0.0,0.0,0.0,0.0
N128,test_1040_1219,Q21_relative_l2,M3,GIFT-Lite,20260821,5.1,0.09999999999999964,180,180,0.40020159997977867,0.04729687850363394,0.392806365359868,0.49160152644768434,0.5517124342133003
N128,test_1040_1219,Q21_relative_l2,M3,GIFT-Lite,20260821,5.2,0.20000000000000018,180,180,0.5587691366701795,0.059325048134341044,0.5540921657841811,0.6644919234598711,0.749285288014455
N128,test_1040_1219,Q21_relative_l2,M3,GIFT-Lite,20260821,5.3,0.2999999999999998,180,180,0.6094827960774877,0.06313706690577486,0.6044584903978976,0.7043350284712651,0.7812389940385984
N128,test_1040_1219,Q21_relative_l2,M3,GIFT-Lite,20260821,5.4,0.40000000000000036,180,180,0.6277728001778987,0.06338075002824414,0.622003475204352,0.7474093210374412,0.8851621342880718
N128,test_1040_1219,Q21_relative_l2,M3,GIFT-Lite,20260821,5.5,0.5,180,180,0.6355714409992826,0.06929439921887078,0.6268936023797459,0.7503636429204583,0.9800628635485749
N128,test_1040_1219,Q21_relative_l2,M3,GIFT-Lite,20260821,5.6,0.5999999999999996,180,180,0.6372996400054831,0.07413950648890096,0.6344118013547286,0.7369384523262008,1.000030445621121
N128,test_1040_1219,Q21_relative_l2,M3,GIFT-Lite,20260821,5.7,0.7000000000000002,180,180,0.6392003391815643,0.07632103290247147,0.6307112267393056,0.7609363042928208,0.9540167067217515
N128,test_1040_1219,Q21_relative_l2,M3,GIFT-Lite,20260821,5.8,0.7999999999999998,180,180,0.6412742764637956,0.07702591701884251,0.6279924701191311,0.7952991995313561,0.8999976040245075
N128,test_1040_1219,Q21_relative_l2,M3,GIFT-Lite,20260821,5.9,0.9000000000000004,180,180,0.6425859952867997,0.07757813343526954,0.6331906963586141,0.787618339542908,0.9316207762825379
N128,test_1040_1219,Q21_relative_l2,M3,GIFT-Lite,20260821,6.0,1.0,180,180,0.6414171629502221,0.0740240740871922,0.6284627003313041,0.7778528539861678,0.8722085121646268
N128,test_1040_1219,P22_31_relative_l2,M3,GIFT-Lite,20260821,5.0,0.0,180,180,0.0,0.0,0.0,0.0,0.0
N128,test_1040_1219,P22_31_relative_l2,M3,GIFT-Lite,20260821,5.1,0.09999999999999964,180,180,0.377908243688729,0.04556497346574286,0.36928221872229516,0.4602830230887003,0.5399072553695183
N128,test_1040_1219,P22_31_relative_l2,M3,GIFT-Lite,20260821,5.2,0.20000000000000018,180,180,0.5326083591196823,0.05894047172260428,0.5273856723613046,0.6414455551428151,0.7293818487120857
N128,test_1040_1219,P22_31_relative_l2,M3,GIFT-Lite,20260821,5.3,0.2999999999999998,180,180,0.5812943927431127,0.06179040935873763,0.5786600068351883,0.6773683834397463,0.7506723224430463
N128,test_1040_1219,P22_31_relative_l2,M3,GIFT-Lite,20260821,5.4,0.40000000000000036,180,180,0.600240901259842,0.0604854497210009,0.5910962309084564,0.70784594465595,0.7609895899451944
N128,test_1040_1219,P22_31_relative_l2,M3,GIFT-Lite,20260821,5.5,0.5,180,180,0.6097226279742702,0.06762793782905417,0.6017898780326538,0.7369580848645958,0.9107004421716469
N128,test_1040_1219,P22_31_relative_l2,M3,GIFT-Lite,20260821,5.6,0.5999999999999996,180,180,0.612512893860037,0.07281244906547613,0.603869533496922,0.7199963810185925,0.9577379854357007
N128,test_1040_1219,P22_31_relative_l2,M3,GIFT-Lite,20260821,5.7,0.7000000000000002,180,180,0.6154178519952632,0.0763149688060417,0.6092688826402791,0.7403181776932167,0.9244403545996949
N128,test_1040_1219,P22_31_relative_l2,M3,GIFT-Lite,20260821,5.8,0.7999999999999998,180,180,0.6181827437218536,0.07678076694993564,0.6091089945589299,0.7572333495187014,0.8840266460661765
N128,test_1040_1219,P22_31_relative_l2,M3,GIFT-Lite,20260821,5.9,0.9000000000000004,180,180,0.6205387166333938,0.07745925545635185,0.6137274310689276,0.7599867280639757,0.9206080734053517
N128,test_1040_1219,P22_31_relative_l2,M3,GIFT-Lite,20260821,6.0,1.0,180,180,0.6204698772270415,0.07491309896178416,0.6052414002102151,0.7674923196217224,0.8658651149391133
N128,test_1040_1219,outer_P31_relative_l2,M3,GIFT-Lite,20260821,5.0,0.0,180,180,0.0,0.0,0.0,0.0,0.0
N128,test_1040_1219,outer_P31_relative_l2,M3,GIFT-Lite,20260821,5.1,0.09999999999999964,180,180,0.6972844508563056,0.1180642795370202,0.6857836171362286,0.9099720298012184,1.1137475427841745
N128,test_1040_1219,outer_P31_relative_l2,M3,GIFT-Lite,20260821,5.2,0.20000000000000018,180,180,0.9246353368545517,0.13455462404471183,0.9177074495186286,1.172999405801582,1.3119840604732795
N128,test_1040_1219,outer_P31_relative_l2,M3,GIFT-Lite,20260821,5.3,0.2999999999999998,180,180,1.007541634582458,0.16367274826113723,1.000630992824969,1.2663756839659552,1.7695958519724406
N128,test_1040_1219,outer_P31_relative_l2,M3,GIFT-Lite,20260821,5.4,0.40000000000000036,180,180,1.0161018648392934,0.1588630698840722,1.0023366511390301,1.3054404597958136,1.64943910103065
N128,test_1040_1219,outer_P31_relative_l2,M3,GIFT-Lite,20260821,5.5,0.5,180,180,1.0174164346554904,0.15731147326035055,1.000758061087609,1.2622530977242035,1.6377342681251286
N128,test_1040_1219,outer_P31_relative_l2,M3,GIFT-Lite,20260821,5.6,0.5999999999999996,180,180,1.0280740563008874,0.16873158747654357,1.0160667237236454,1.3153164185866657,1.8931286029863716
N128,test_1040_1219,outer_P31_relative_l2,M3,GIFT-Lite,20260821,5.7,0.7000000000000002,180,180,1.021276343304188,0.15912154012433832,1.0026273952711198,1.2862643230333142,1.5037094063071472
N128,test_1040_1219,outer_P31_relative_l2,M3,GIFT-Lite,20260821,5.8,0.7999999999999998,180,180,1.015135104415371,0.16001676192588024,1.0113071328670062,1.2842550985599224,1.5716084066679363
N128,test_1040_1219,outer_P31_relative_l2,M3,GIFT-Lite,20260821,5.9,0.9000000000000004,180,180,1.0047609353909308,0.16157359372071226,0.983600242865784,1.326315587622049,1.5229730886843316
N128,test_1040_1219,outer_P31_relative_l2,M3,GIFT-Lite,20260821,6.0,1.0,180,180,0.9980732856849416,0.14886289280544704,0.978418444798496,1.2266836910632468,1.48543379696746
N128,test_1040_1219,reliable_outer_P31_relative_l2,M3,GIFT-Lite,20260821,5.0,0.0,180,180,0.0,0.0,0.0,0.0,0.0
N128,test_1040_1219,reliable_outer_P31_relative_l2,M3,GIFT-Lite,20260821,5.1,0.09999999999999964,180,180,0.697234308190761,0.11809784616907393,0.6857750917505163,0.9099716203410334,1.1137423806119189
N128,test_1040_1219,reliable_outer_P31_relative_l2,M3,GIFT-Lite,20260821,5.2,0.20000000000000018,180,180,0.9245961610353823,0.13460426560234895,0.9176163450233863,1.1730822346320542,1.3133950415159719
N128,test_1040_1219,reliable_outer_P31_relative_l2,M3,GIFT-Lite,20260821,5.3,0.2999999999999998,180,180,1.0075079685853594,0.1636967093473775,1.00061770502713,1.2663671859038772,1.7695158717658677
N128,test_1040_1219,reliable_outer_P31_relative_l2,M3,GIFT-Lite,20260821,5.4,0.40000000000000036,180,180,1.016063375693749,0.15887827566663448,1.0021987364952754,1.305434667103766,1.6497738092089322
N128,test_1040_1219,reliable_outer_P31_relative_l2,M3,GIFT-Lite,20260821,5.5,0.5,180,180,1.0173721616865337,0.15732497708189225,1.0007369966912836,1.2622443753707109,1.637720423560662
N128,test_1040_1219,reliable_outer_P31_relative_l2,M3,GIFT-Lite,20260821,5.6,0.5999999999999996,180,180,1.028028812691345,0.1687517930371141,1.0160223043111096,1.315326552766184,1.893209702087833
N128,test_1040_1219,reliable_outer_P31_relative_l2,M3,GIFT-Lite,20260821,5.7,0.7000000000000002,180,180,1.0212277225923296,0.15915297845894188,1.0025816185051752,1.28625357414236,1.5036978375849015
N128,test_1040_1219,reliable_outer_P31_relative_l2,M3,GIFT-Lite,20260821,5.8,0.7999999999999998,180,180,1.0150776529006647,0.16003014393822437,1.011266578849267,1.2842415552771627,1.5715997163652118
N128,test_1040_1219,reliable_outer_P31_relative_l2,M3,GIFT-Lite,20260821,5.9,0.9000000000000004,180,180,1.0047030885798327,0.16159457083338485,0.9835075428435045,1.3263192671908228,1.5229583510084643
N128,test_1040_1219,reliable_outer_P31_relative_l2,M3,GIFT-Lite,20260821,6.0,1.0,180,180,0.9980155973036097,0.14887511597031663,0.9784114973643241,1.2266584300492074,1.485433161624207
N128,test_1040_1219,full_relative_l2,M3,GIFT-Lite,20260822,5.0,0.0,180,180,0.0,0.0,0.0,0.0,0.0
N128,test_1040_1219,full_relative_l2,M3,GIFT-Lite,20260822,5.1,0.09999999999999964,180,180,0.019017888983179278,0.003752010261607988,0.018945368834960313,0.025465811755309244,0.028245230329811414
N128,test_1040_1219,full_relative_l2,M3,GIFT-Lite,20260822,5.2,0.20000000000000018,180,180,0.026583325387252058,0.00522598624562623,0.025774383956034985,0.03548249496330656,0.041233074346533914
N128,test_1040_1219,full_relative_l2,M3,GIFT-Lite,20260822,5.3,0.2999999999999998,180,180,0.030282557135863575,0.006060819543389415,0.029507383028077153,0.04132904147807572,0.048795440329291256
N128,test_1040_1219,full_relative_l2,M3,GIFT-Lite,20260822,5.4,0.40000000000000036,180,180,0.032692072906642805,0.006764956154866765,0.03176669734670082,0.04476675918438941,0.052983792490247573
N128,test_1040_1219,full_relative_l2,M3,GIFT-Lite,20260822,5.5,0.5,180,180,0.03452198999091212,0.007568483768944551,0.03362145115716861,0.047361679302151946,0.0610253815529017
N128,test_1040_1219,full_relative_l2,M3,GIFT-Lite,20260822,5.6,0.5999999999999996,180,180,0.03607910745296032,0.008328184457655256,0.03477468059793129,0.05082155653801674,0.0665037162073574
N128,test_1040_1219,full_relative_l2,M3,GIFT-Lite,20260822,5.7,0.7000000000000002,180,180,0.037203842218458766,0.008807317791673033,0.035691428436196396,0.05478861099647352,0.06783921249844278
N128,test_1040_1219,full_relative_l2,M3,GIFT-Lite,20260822,5.8,0.7999999999999998,180,180,0.03805361043819942,0.009334266877082324,0.036587509807012246,0.05807858204348543,0.06857954716980295
N128,test_1040_1219,full_relative_l2,M3,GIFT-Lite,20260822,5.9,0.9000000000000004,180,180,0.03887420036766795,0.0100833047272086,0.03746467366839625,0.0580975641986491,0.07893278315660633
N128,test_1040_1219,full_relative_l2,M3,GIFT-Lite,20260822,6.0,1.0,180,180,0.039791430243084784,0.011308319562857928,0.03786872134003877,0.05742817297330563,0.10406294307872142
N128,test_1040_1219,P21_relative_l2,M3,GIFT-Lite,20260822,5.0,0.0,180,180,0.0,0.0,0.0,0.0,0.0
N128,test_1040_1219,P21_relative_l2,M3,GIFT-Lite,20260822,5.1,0.09999999999999964,180,180,0.013663549481794565,0.0025933520950226917,0.013325690758758876,0.01828350101506505,0.020301679515594563
N128,test_1040_1219,P21_relative_l2,M3,GIFT-Lite,20260822,5.2,0.20000000000000018,180,180,0.019443638590712874,0.00373575704619644,0.01890674553014358,0.025889743240487293,0.029750455839582912
N128,test_1040_1219,P21_relative_l2,M3,GIFT-Lite,20260822,5.3,0.2999999999999998,180,180,0.02330292877228771,0.004791975704037127,0.02305690613444503,0.03181513882372454,0.03891281549378789
N128,test_1040_1219,P21_relative_l2,M3,GIFT-Lite,20260822,5.4,0.40000000000000036,180,180,0.026381418323847418,0.00591702986529375,0.02574954983649748,0.036458757482008816,0.049059141411283355
N128,test_1040_1219,P21_relative_l2,M3,GIFT-Lite,20260822,5.5,0.5,180,180,0.028777071221132468,0.006960204592209049,0.02771696946454976,0.040912980539088616,0.05415193196765128
N128,test_1040_1219,P21_relative_l2,M3,GIFT-Lite,20260822,5.6,0.5999999999999996,180,180,0.030737836340951605,0.007816621091168756,0.028658231564918833,0.04384826403323118,0.060550453290461215
N128,test_1040_1219,P21_relative_l2,M3,GIFT-Lite,20260822,5.7,0.7000000000000002,180,180,0.032304461612332504,0.008405433318200109,0.03073594091997134,0.04831098141107884,0.062425835515616895
N128,test_1040_1219,P21_relative_l2,M3,GIFT-Lite,20260822,5.8,0.7999999999999998,180,180,0.0336043093279632,0.009063549469424276,0.031700362167193616,0.05422918864674529,0.06389720624140298
N128,test_1040_1219,P21_relative_l2,M3,GIFT-Lite,20260822,5.9,0.9000000000000004,180,180,0.03480452654052143,0.009867731665692782,0.03334546573060123,0.05337235943513353,0.0772291370426178
N128,test_1040_1219,P21_relative_l2,M3,GIFT-Lite,20260822,6.0,1.0,180,180,0.036024004570161625,0.01115191868441803,0.03452923689821365,0.053746297737245055,0.10256351472271313
N128,test_1040_1219,Q21_relative_l2,M3,GIFT-Lite,20260822,5.0,0.0,180,180,0.0,0.0,0.0,0.0,0.0
N128,test_1040_1219,Q21_relative_l2,M3,GIFT-Lite,20260822,5.1,0.09999999999999964,180,180,0.4035197366420512,0.04969067947111281,0.39802722666275525,0.4856251070842245,0.5545738815879424
N128,test_1040_1219,Q21_relative_l2,M3,GIFT-Lite,20260822,5.2,0.20000000000000018,180,180,0.5658193381242291,0.06191585710744546,0.5570688734852538,0.6776290980756919,0.7561638111746011
N128,test_1040_1219,Q21_relative_l2,M3,GIFT-Lite,20260822,5.3,0.2999999999999998,180,180,0.6196006739759354,0.06469893049347686,0.61524220183406,0.715880204867824,0.8099247811503617
N128,test_1040_1219,Q21_relative_l2,M3,GIFT-Lite,20260822,5.4,0.40000000000000036,180,180,0.6393524940033469,0.06146477501376817,0.6372235416251903,0.7444787374629456,0.8022265070032079
N128,test_1040_1219,Q21_relative_l2,M3,GIFT-Lite,20260822,5.5,0.5,180,180,0.6494983081186518,0.06589723324096776,0.6411457847543658,0.7718739938303948,0.8429815710687681
N128,test_1040_1219,Q21_relative_l2,M3,GIFT-Lite,20260822,5.6,0.5999999999999996,180,180,0.6563095429835468,0.07420759451430195,0.6510632735113524,0.7875726453144682,0.9222126313108225
N128,test_1040_1219,Q21_relative_l2,M3,GIFT-Lite,20260822,5.7,0.7000000000000002,180,180,0.6561378731985491,0.07760942719826938,0.646173672183928,0.7821630339494863,0.9367968401849912
N128,test_1040_1219,Q21_relative_l2,M3,GIFT-Lite,20260822,5.8,0.7999999999999998,180,180,0.6545095594302835,0.0773140146725844,0.6421451689038821,0.7878314602363901,0.9214733438631949
N128,test_1040_1219,Q21_relative_l2,M3,GIFT-Lite,20260822,5.9,0.9000000000000004,180,180,0.6541093260021194,0.07636716979200803,0.6437183887857655,0.7849084112410104,0.9426336922642775
N128,test_1040_1219,Q21_relative_l2,M3,GIFT-Lite,20260822,6.0,1.0,180,180,0.6518763898592695,0.07400046893843565,0.6439042883409936,0.790073390042644,0.8666132719923458
N128,test_1040_1219,P22_31_relative_l2,M3,GIFT-Lite,20260822,5.0,0.0,180,180,0.0,0.0,0.0,0.0,0.0
N128,test_1040_1219,P22_31_relative_l2,M3,GIFT-Lite,20260822,5.1,0.09999999999999964,180,180,0.3805997023264769,0.04680547340234283,0.37927873189598693,0.4550446693928779,0.5337122004806053
N128,test_1040_1219,P22_31_relative_l2,M3,GIFT-Lite,20260822,5.2,0.20000000000000018,180,180,0.5392308938212145,0.059740687137753656,0.5313819039502052,0.64778998982131,0.7317205041947918
N128,test_1040_1219,P22_31_relative_l2,M3,GIFT-Lite,20260822,5.3,0.2999999999999998,180,180,0.590939160608285,0.0620238398512552,0.5855645738845738,0.6900405513918076,0.7738122061385927
N128,test_1040_1219,P22_31_relative_l2,M3,GIFT-Lite,20260822,5.4,0.40000000000000036,180,180,0.6109428428928614,0.059283383530787125,0.607413632831262,0.7083753696332843,0.7511019805339006
N128,test_1040_1219,P22_31_relative_l2,M3,GIFT-Lite,20260822,5.5,0.5,180,180,0.6219026313775159,0.06409284510621224,0.6120446535639699,0.743280053039531,0.8084701554853382
N128,test_1040_1219,P22_31_relative_l2,M3,GIFT-Lite,20260822,5.6,0.5999999999999996,180,180,0.6296088604368539,0.07117274154803607,0.6270747149374032,0.7418838041541134,0.8848138458255663
N128,test_1040_1219,P22_31_relative_l2,M3,GIFT-Lite,20260822,5.7,0.7000000000000002,180,180,0.6307613198951733,0.07482122970847958,0.6231885851871639,0.7579798870966502,0.9088123672389182
N128,test_1040_1219,P22_31_relative_l2,M3,GIFT-Lite,20260822,5.8,0.7999999999999998,180,180,0.63020506698615,0.07509102640507402,0.6219495174264749,0.7631767254532954,0.9042084165612823
N128,test_1040_1219,P22_31_relative_l2,M3,GIFT-Lite,20260822,5.9,0.9000000000000004,180,180,0.6315939394883677,0.07496831390162562,0.6221570566820831,0.753988222783562,0.933302728993917
N128,test_1040_1219,P22_31_relative_l2,M3,GIFT-Lite,20260822,6.0,1.0,180,180,0.6311222530675028,0.07425271043024076,0.6232871160011249,0.770298598269527,0.8618073543049029
N128,test_1040_1219,outer_P31_relative_l2,M3,GIFT-Lite,20260822,5.0,0.0,180,180,0.0,0.0,0.0,0.0,0.0
N128,test_1040_1219,outer_P31_relative_l2,M3,GIFT-Lite,20260822,5.1,0.09999999999999964,180,180,0.7060786882955745,0.1327513124471923,0.6953462574197846,0.9481713093951255,1.1330904898163419
N128,test_1040_1219,outer_P31_relative_l2,M3,GIFT-Lite,20260822,5.2,0.20000000000000018,180,180,0.9386035206796239,0.16885785145324053,0.9143794456675975,1.2445269411336761,1.6419471172764426
N128,test_1040_1219,outer_P31_relative_l2,M3,GIFT-Lite,20260822,5.3,0.2999999999999998,180,180,1.0269775575919644,0.19667791428385387,1.0026992742246406,1.3393539360300541,2.252679797738178
N128,test_1040_1219,outer_P31_relative_l2,M3,GIFT-Lite,20260822,5.4,0.40000000000000036,180,180,1.0437165742495942,0.17569243353225028,1.0222604556091843,1.378770893397291,1.7160100756627363
N128,test_1040_1219,outer_P31_relative_l2,M3,GIFT-Lite,20260822,5.5,0.5,180,180,1.0546216932522685,0.18052400358835827,1.0372754112985865,1.401683773592821,1.7660605398304636
N128,test_1040_1219,outer_P31_relative_l2,M3,GIFT-Lite,20260822,5.6,0.5999999999999996,180,180,1.0720725919180543,0.20213348923828353,1.0488586572145628,1.4224400835010325,1.9297935912784836
N128,test_1040_1219,outer_P31_relative_l2,M3,GIFT-Lite,20260822,5.7,0.7000000000000002,180,180,1.0570936348514766,0.19066983906518956,1.0387731995812806,1.3981201678915607,1.7027218409482874
N128,test_1040_1219,outer_P31_relative_l2,M3,GIFT-Lite,20260822,5.8,0.7999999999999998,180,180,1.0432880247477305,0.19034270777291054,1.0391115166165854,1.3653803596525926,1.7800241912448502
N128,test_1040_1219,outer_P31_relative_l2,M3,GIFT-Lite,20260822,5.9,0.9000000000000004,180,180,1.0232852549575417,0.1764719362467867,1.0028211694112499,1.3934721216416797,1.6057930766276747
N128,test_1040_1219,outer_P31_relative_l2,M3,GIFT-Lite,20260822,6.0,1.0,180,180,1.007457075782955,0.15562296149754357,0.9856631736574877,1.3039250709048271,1.4690440737180772
N128,test_1040_1219,reliable_outer_P31_relative_l2,M3,GIFT-Lite,20260822,5.0,0.0,180,180,0.0,0.0,0.0,0.0,0.0
N128,test_1040_1219,reliable_outer_P31_relative_l2,M3,GIFT-Lite,20260822,5.1,0.09999999999999964,180,180,0.7060465818680297,0.13276369687612877,0.6951520761684673,0.9481669657861725,1.1331017996456223
N128,test_1040_1219,reliable_outer_P31_relative_l2,M3,GIFT-Lite,20260822,5.2,0.20000000000000018,180,180,0.938564788754183,0.16885242556940794,0.9142817124618419,1.2444587609768556,1.6419641680967711
N128,test_1040_1219,reliable_outer_P31_relative_l2,M3,GIFT-Lite,20260822,5.3,0.2999999999999998,180,180,1.026940767351547,0.1966659867152141,1.0026856040403067,1.3393563096822618,2.252250911804211
N128,test_1040_1219,reliable_outer_P31_relative_l2,M3,GIFT-Lite,20260822,5.4,0.40000000000000036,180,180,1.0436902107636081,0.17569591660092113,1.0222605884207367,1.378769786212974,1.7156523234771373
N128,test_1040_1219,reliable_outer_P31_relative_l2,M3,GIFT-Lite,20260822,5.5,0.5,180,180,1.0545997945904446,0.1805356761121834,1.0372600501160867,1.4016844104487054,1.7660398468954703
N128,test_1040_1219,reliable_outer_P31_relative_l2,M3,GIFT-Lite,20260822,5.6,0.5999999999999996,180,180,1.0720460967200758,0.2021529871271159,1.0488633881775558,1.4224022133883878,1.9298001692592937
N128,test_1040_1219,reliable_outer_P31_relative_l2,M3,GIFT-Lite,20260822,5.7,0.7000000000000002,180,180,1.0570636875968258,0.19068437275707784,1.0386546667168919,1.3979688375915431,1.702724392721816
N128,test_1040_1219,reliable_outer_P31_relative_l2,M3,GIFT-Lite,20260822,5.8,0.7999999999999998,180,180,1.0432540662318102,0.19034848997565434,1.039090753200817,1.365393613251104,1.7800242939387914
N128,test_1040_1219,reliable_outer_P31_relative_l2,M3,GIFT-Lite,20260822,5.9,0.9000000000000004,180,180,1.0232556668165325,0.17647515490389543,1.0027979219945433,1.3935315853181585,1.6057954564416441
N128,test_1040_1219,reliable_outer_P31_relative_l2,M3,GIFT-Lite,20260822,6.0,1.0,180,180,1.0074256624257774,0.15563048645245472,0.9856621420062296,1.3039247257072961,1.469076062787308
N128,test_1040_1219,full_relative_l2,M3,FNO-2D,fixed,5.0,0.0,180,180,0.0,0.0,0.0,0.0,0.0
N128,test_1040_1219,full_relative_l2,M3,FNO-2D,fixed,5.1,0.09999999999999964,180,180,0.17464511812981579,0.023724145981178963,0.17469076347646925,0.21570535606340005,0.236926991033569
N128,test_1040_1219,full_relative_l2,M3,FNO-2D,fixed,5.2,0.20000000000000018,180,180,0.19114096936221883,0.025072730595099183,0.19054813897600326,0.23220948374310557,0.27161474889016196
N128,test_1040_1219,full_relative_l2,M3,FNO-2D,fixed,5.3,0.2999999999999998,180,180,0.2017829108030052,0.02648824594675988,0.20225460901602282,0.24186933955664772,0.33642246138278264
N128,test_1040_1219,full_relative_l2,M3,FNO-2D,fixed,5.4,0.40000000000000036,180,180,0.21354755746273468,0.029262556564807144,0.21124658663270113,0.2540992080492429,0.40394849574962804
N128,test_1040_1219,full_relative_l2,M3,FNO-2D,fixed,5.5,0.5,180,180,0.2208070860874778,0.03195801968673006,0.21816138720176176,0.26543491437715355,0.4475947557256026
N128,test_1040_1219,full_relative_l2,M3,FNO-2D,fixed,5.6,0.5999999999999996,180,180,0.22953569328704057,0.03379079501674224,0.2259439562780282,0.276091619459345,0.4717535894428992
N128,test_1040_1219,full_relative_l2,M3,FNO-2D,fixed,5.7,0.7000000000000002,180,180,0.23847009246004627,0.03499754950046697,0.23556773611810833,0.28524828846901085,0.4802268129878775
N128,test_1040_1219,full_relative_l2,M3,FNO-2D,fixed,5.8,0.7999999999999998,180,180,0.24947232944753692,0.03697432035729361,0.24739070665726998,0.30183781463921855,0.483697821102704
N128,test_1040_1219,full_relative_l2,M3,FNO-2D,fixed,5.9,0.9000000000000004,180,180,0.25933391634955066,0.039233697472666605,0.25575686789407137,0.3235802348368233,0.4706924572985411
N128,test_1040_1219,full_relative_l2,M3,FNO-2D,fixed,6.0,1.0,180,180,0.2712951470911529,0.042104083268676956,0.2674188348467239,0.3469641420165044,0.4606724124471629
N128,test_1040_1219,P21_relative_l2,M3,FNO-2D,fixed,5.0,0.0,180,180,0.0,0.0,0.0,0.0,0.0
N128,test_1040_1219,P21_relative_l2,M3,FNO-2D,fixed,5.1,0.09999999999999964,180,180,0.17014106910833965,0.023253389388720156,0.1703832577285062,0.2112441940306571,0.23146509682340843
N128,test_1040_1219,P21_relative_l2,M3,FNO-2D,fixed,5.2,0.20000000000000018,180,180,0.18719461439458626,0.024596433577176658,0.18717380784822046,0.22864715525005833,0.2682495760047201
N128,test_1040_1219,P21_relative_l2,M3,FNO-2D,fixed,5.3,0.2999999999999998,180,180,0.19833824845983467,0.02607712895115244,0.19858903638527475,0.23862948594760233,0.33362436677864304
N128,test_1040_1219,P21_relative_l2,M3,FNO-2D,fixed,5.4,0.40000000000000036,180,180,0.21055411041106542,0.02897137539803495,0.20879065659707743,0.2505610234592682,0.40168311402480167
N128,test_1040_1219,P21_relative_l2,M3,FNO-2D,fixed,5.5,0.5,180,180,0.21810460758164424,0.031721407950659364,0.21516352323112536,0.26284372261823763,0.44533549362701025
N128,test_1040_1219,P21_relative_l2,M3,FNO-2D,fixed,5.6,0.5999999999999996,180,180,0.22707417817626457,0.0335736178918008,0.22351548163887766,0.2737266832757285,0.4690918751622162
N128,test_1040_1219,P21_relative_l2,M3,FNO-2D,fixed,5.7,0.7000000000000002,180,180,0.23621220774845514,0.03480560982751597,0.2333308040939875,0.28277301057008464,0.4776504282172243
N128,test_1040_1219,P21_relative_l2,M3,FNO-2D,fixed,5.8,0.7999999999999998,180,180,0.24742832728765998,0.03682946119500032,0.24530113385565283,0.2992264552909859,0.4814182964763246
N128,test_1040_1219,P21_relative_l2,M3,FNO-2D,fixed,5.9,0.9000000000000004,180,180,0.25747740256800555,0.039095340226090805,0.2541483897288149,0.3207098863281186,0.46826617911123936
N128,test_1040_1219,P21_relative_l2,M3,FNO-2D,fixed,6.0,1.0,180,180,0.2696080425379332,0.04198260948643698,0.26518036302871784,0.34525669753361865,0.4582772981885716
N128,test_1040_1219,Q21_relative_l2,M3,FNO-2D,fixed,5.0,0.0,180,180,0.0,0.0,0.0,0.0,0.0
N128,test_1040_1219,Q21_relative_l2,M3,FNO-2D,fixed,5.1,0.09999999999999964,180,180,1.2197155670435404,0.07322170923192045,1.2234077384064665,1.336019973721564,1.4443944760702687
N128,test_1040_1219,Q21_relative_l2,M3,FNO-2D,fixed,5.2,0.20000000000000018,180,180,1.2241016004607053,0.07133073075220854,1.214104923534638,1.3457017933111697,1.5016907635109913
N128,test_1040_1219,Q21_relative_l2,M3,FNO-2D,fixed,5.3,0.2999999999999998,180,180,1.210104650394582,0.07001845502257921,1.1980703602043965,1.3406282045689644,1.4205111481328898
N128,test_1040_1219,Q21_relative_l2,M3,FNO-2D,fixed,5.4,0.40000000000000036,180,180,1.2059860224710846,0.06712898136346099,1.194284016785769,1.3269625955610962,1.4367494904578935
N128,test_1040_1219,Q21_relative_l2,M3,FNO-2D,fixed,5.5,0.5,180,180,1.2041828838382038,0.06729533614160482,1.1908615498158404,1.3439981017261866,1.4221788684072258
N128,test_1040_1219,Q21_relative_l2,M3,FNO-2D,fixed,5.6,0.5999999999999996,180,180,1.2011842648125721,0.06402246129293054,1.195754136156746,1.3031439759123806,1.41449803704809
N128,test_1040_1219,Q21_relative_l2,M3,FNO-2D,fixed,5.7,0.7000000000000002,180,180,1.2030624530172873,0.07306811288541286,1.189845491626282,1.3237364083768066,1.4907884362586743
N128,test_1040_1219,Q21_relative_l2,M3,FNO-2D,fixed,5.8,0.7999999999999998,180,180,1.2084655365113581,0.07999583182074303,1.1976705990825744,1.3682316864960289,1.4959077763148412
N128,test_1040_1219,Q21_relative_l2,M3,FNO-2D,fixed,5.9,0.9000000000000004,180,180,1.214498247625822,0.07901811617985897,1.2047580678525338,1.3659225909982333,1.4451646475590316
N128,test_1040_1219,Q21_relative_l2,M3,FNO-2D,fixed,6.0,1.0,180,180,1.2169564265157495,0.07815663694029175,1.2045460284489602,1.3520004924705047,1.515073969184763
N128,test_1040_1219,P22_31_relative_l2,M3,FNO-2D,fixed,5.0,0.0,180,180,0.0,0.0,0.0,0.0,0.0
N128,test_1040_1219,P22_31_relative_l2,M3,FNO-2D,fixed,5.1,0.09999999999999964,180,180,1.1464519908613795,0.06648128849977407,1.1399385306583971,1.249290422948672,1.3619646361518631
N128,test_1040_1219,P22_31_relative_l2,M3,FNO-2D,fixed,5.2,0.20000000000000018,180,180,1.150482455854248,0.05985486559781008,1.1483202129279415,1.2542275660461568,1.427133959970558
N128,test_1040_1219,P22_31_relative_l2,M3,FNO-2D,fixed,5.3,0.2999999999999998,180,180,1.1331785535882137,0.05592203639294783,1.1302375464822734,1.228039900512631,1.3406529341758233
N128,test_1040_1219,P22_31_relative_l2,M3,FNO-2D,fixed,5.4,0.40000000000000036,180,180,1.1266996394993807,0.05328794099765235,1.114959090389649,1.2109298886992608,1.3123117864233798
N128,test_1040_1219,P22_31_relative_l2,M3,FNO-2D,fixed,5.5,0.5,180,180,1.124237038176279,0.051654747672443664,1.119884977296202,1.2297621550065598,1.2937770491148977
N128,test_1040_1219,P22_31_relative_l2,M3,FNO-2D,fixed,5.6,0.5999999999999996,180,180,1.1196673286513017,0.05041075969707831,1.1173005887137348,1.2041287666952794,1.2838015134546865
N128,test_1040_1219,P22_31_relative_l2,M3,FNO-2D,fixed,5.7,0.7000000000000002,180,180,1.1186912435209626,0.052535627572264994,1.1144307174885901,1.2123991389216917,1.336571372571215
N128,test_1040_1219,P22_31_relative_l2,M3,FNO-2D,fixed,5.8,0.7999999999999998,180,180,1.1207355172343099,0.05270466533439907,1.1177476598526208,1.2117234969995319,1.3576577404507322
N128,test_1040_1219,P22_31_relative_l2,M3,FNO-2D,fixed,5.9,0.9000000000000004,180,180,1.1261815540080653,0.05229920841456506,1.1187560909237282,1.2343474850837173,1.2751242958823212
N128,test_1040_1219,P22_31_relative_l2,M3,FNO-2D,fixed,6.0,1.0,180,180,1.1283818302876527,0.052843711382029264,1.1251387274144649,1.2153309569631032,1.3298312418092693
N128,test_1040_1219,outer_P31_relative_l2,M3,FNO-2D,fixed,5.0,0.0,180,180,0.0,0.0,0.0,0.0,0.0
N128,test_1040_1219,outer_P31_relative_l2,M3,FNO-2D,fixed,5.1,0.09999999999999964,180,180,2.207678196628367,0.4146875048905048,2.166712277542276,2.984300543760501,3.808087869953715
N128,test_1040_1219,outer_P31_relative_l2,M3,FNO-2D,fixed,5.2,0.20000000000000018,180,180,2.2246045550612967,0.4707439510335268,2.1462801775208895,3.045960227741347,3.7524910753140803
N128,test_1040_1219,outer_P31_relative_l2,M3,FNO-2D,fixed,5.3,0.2999999999999998,180,180,2.2424956769947055,0.5031256211618156,2.160460608235432,3.2285908568177932,3.7993158220651475
N128,test_1040_1219,outer_P31_relative_l2,M3,FNO-2D,fixed,5.4,0.40000000000000036,180,180,2.2507334002317974,0.49257955362870515,2.1617274513121343,3.227464201515939,3.906141506002068
N128,test_1040_1219,outer_P31_relative_l2,M3,FNO-2D,fixed,5.5,0.5,180,180,2.27768060353963,0.49119491139451693,2.1876763956412555,3.275321790571132,4.092500177628731
N128,test_1040_1219,outer_P31_relative_l2,M3,FNO-2D,fixed,5.6,0.5999999999999996,180,180,2.3471353542135747,0.5225761756178371,2.2398649689819075,3.274858592121258,4.484514265444146
N128,test_1040_1219,outer_P31_relative_l2,M3,FNO-2D,fixed,5.7,0.7000000000000002,180,180,2.3951228471881647,0.5826092520950044,2.277758764339831,3.4773631409240706,4.156322319460943
N128,test_1040_1219,outer_P31_relative_l2,M3,FNO-2D,fixed,5.8,0.7999999999999998,180,180,2.439594498865178,0.6841539549348925,2.277781687227182,3.916797837028769,4.927199070834662
N128,test_1040_1219,outer_P31_relative_l2,M3,FNO-2D,fixed,5.9,0.9000000000000004,180,180,2.461000102659238,0.7083012211232691,2.304271625185905,3.7451931705667896,5.8751522660491995
N128,test_1040_1219,outer_P31_relative_l2,M3,FNO-2D,fixed,6.0,1.0,180,180,2.502105715551853,0.6734842004755007,2.351365777899523,3.7603549649611168,5.244916529718897
N128,test_1040_1219,reliable_outer_P31_relative_l2,M3,FNO-2D,fixed,5.0,0.0,180,180,0.0,0.0,0.0,0.0,0.0
N128,test_1040_1219,reliable_outer_P31_relative_l2,M3,FNO-2D,fixed,5.1,0.09999999999999964,180,180,2.082634378260408,0.3774531435472175,2.0430132935588086,2.754202200283838,3.7006393243777294
N128,test_1040_1219,reliable_outer_P31_relative_l2,M3,FNO-2D,fixed,5.2,0.20000000000000018,180,180,2.0845514357947934,0.4079457212479739,2.027131955409473,2.7813557696550117,3.509164257949884
N128,test_1040_1219,reliable_outer_P31_relative_l2,M3,FNO-2D,fixed,5.3,0.2999999999999998,180,180,2.1103244336745535,0.44223034152544544,2.0565309220529073,2.9523820610577802,3.450210505696082
N128,test_1040_1219,reliable_outer_P31_relative_l2,M3,FNO-2D,fixed,5.4,0.40000000000000036,180,180,2.1272672139293403,0.4485960077471478,2.088934905831536,3.035116948019317,3.6611819748832484
N128,test_1040_1219,reliable_outer_P31_relative_l2,M3,FNO-2D,fixed,5.5,0.5,180,180,2.1528484631727065,0.45031588750148505,2.0974495060685587,3.1621444617310077,3.643776563354837
N128,test_1040_1219,reliable_outer_P31_relative_l2,M3,FNO-2D,fixed,5.6,0.5999999999999996,180,180,2.21527777732001,0.4755047959868752,2.114437097155525,3.155669530572237,4.053608790079644
N128,test_1040_1219,reliable_outer_P31_relative_l2,M3,FNO-2D,fixed,5.7,0.7000000000000002,180,180,2.2577394240453543,0.5165274738020862,2.1478442253199344,3.3311678443972284,3.879326163900646
N128,test_1040_1219,reliable_outer_P31_relative_l2,M3,FNO-2D,fixed,5.8,0.7999999999999998,180,180,2.292922163330908,0.5964782511282609,2.1449806561665294,3.6581506485787063,4.368767838284325
N128,test_1040_1219,reliable_outer_P31_relative_l2,M3,FNO-2D,fixed,5.9,0.9000000000000004,180,180,2.314579748741579,0.6296133211424046,2.170009415573834,3.45059226798006,5.254566795676872
N128,test_1040_1219,reliable_outer_P31_relative_l2,M3,FNO-2D,fixed,6.0,1.0,180,180,2.349807376082395,0.6070435041538833,2.206383477831562,3.4950387853805673,4.801492733998116
N128,test_1040_1219,full_relative_l2,M3,FNO-3D,fixed,5.0,0.0,180,180,0.0,0.0,0.0,0.0,0.0
N128,test_1040_1219,full_relative_l2,M3,FNO-3D,fixed,5.1,0.09999999999999964,180,180,0.1678688087858499,0.023971597630258214,0.1687783926357475,0.21098750581852227,0.22562083614224007
N128,test_1040_1219,full_relative_l2,M3,FNO-3D,fixed,5.2,0.20000000000000018,180,180,0.24615806277566865,0.03388486013770148,0.2500652954768189,0.29943958670720894,0.3320036708444173
N128,test_1040_1219,full_relative_l2,M3,FNO-3D,fixed,5.3,0.2999999999999998,180,180,0.2754529839663359,0.031989986415974635,0.27536478241619305,0.3247388800323715,0.3634574126333066
N128,test_1040_1219,full_relative_l2,M3,FNO-3D,fixed,5.4,0.40000000000000036,180,180,0.2946700637922338,0.033009371185255466,0.293632472977966,0.3466262571425178,0.4107937967828649
N128,test_1040_1219,full_relative_l2,M3,FNO-3D,fixed,5.5,0.5,180,180,0.315897950311088,0.03540312041545914,0.31636091678277406,0.3739506546185839,0.45780290375079635
N128,test_1040_1219,full_relative_l2,M3,FNO-3D,fixed,5.6,0.5999999999999996,180,180,0.3408982735833364,0.038241417607796806,0.34216419013542937,0.4028585963620918,0.49824777333891423
N128,test_1040_1219,full_relative_l2,M3,FNO-3D,fixed,5.7,0.7000000000000002,180,180,0.3674891687337766,0.041980115872625005,0.36851867909336955,0.43510555477247037,0.5339048994529891
N128,test_1040_1219,full_relative_l2,M3,FNO-3D,fixed,5.8,0.7999999999999998,180,180,0.3947236488356066,0.046380263753160005,0.39356329891259156,0.47176322152802774,0.5633409294558276
N128,test_1040_1219,full_relative_l2,M3,FNO-3D,fixed,5.9,0.9000000000000004,180,180,0.42309046419832425,0.05081420723942843,0.41876914857363534,0.5077125636391886,0.5857977670550345
N128,test_1040_1219,full_relative_l2,M3,FNO-3D,fixed,6.0,1.0,180,180,0.45235224842403243,0.054848074264259535,0.4473099782858732,0.5508113592549634,0.6030655455610512
N128,test_1040_1219,P21_relative_l2,M3,FNO-3D,fixed,5.0,0.0,180,180,0.0,0.0,0.0,0.0,0.0
N128,test_1040_1219,P21_relative_l2,M3,FNO-3D,fixed,5.1,0.09999999999999964,180,180,0.16234677677357914,0.022929045561622462,0.1638746151999747,0.20451777014608347,0.21770588950083475
N128,test_1040_1219,P21_relative_l2,M3,FNO-3D,fixed,5.2,0.20000000000000018,180,180,0.24146128825938307,0.03332489857175422,0.24548528898132932,0.2932177829232698,0.32540934545101347
N128,test_1040_1219,P21_relative_l2,M3,FNO-3D,fixed,5.3,0.2999999999999998,180,180,0.2726775156256249,0.03172253504528469,0.27306415432605025,0.32090047882312145,0.36100210839967395
N128,test_1040_1219,P21_relative_l2,M3,FNO-3D,fixed,5.4,0.40000000000000036,180,180,0.2926913832893894,0.03282600345999845,0.2916421012510369,0.3441128756341404,0.4089373335052522
N128,test_1040_1219,P21_relative_l2,M3,FNO-3D,fixed,5.5,0.5,180,180,0.3142969409065118,0.035271614846539436,0.31475481479773537,0.37125581965164467,0.4563227923021299
N128,test_1040_1219,P21_relative_l2,M3,FNO-3D,fixed,5.6,0.5999999999999996,180,180,0.33953462142969904,0.03814067774753285,0.34059085120836147,0.4015804487346221,0.49669135672616027
N128,test_1040_1219,P21_relative_l2,M3,FNO-3D,fixed,5.7,0.7000000000000002,180,180,0.36631243888000725,0.04189629288202589,0.36718693195375485,0.4335504870913241,0.5322844011974548
N128,test_1040_1219,P21_relative_l2,M3,FNO-3D,fixed,5.8,0.7999999999999998,180,180,0.393720717388451,0.04631954866493198,0.39251592538783353,0.4705763213688965,0.5620211336008011
N128,test_1040_1219,P21_relative_l2,M3,FNO-3D,fixed,5.9,0.9000000000000004,180,180,0.4222344671272012,0.05077413755836,0.4179488528043272,0.5066905322596624,0.5847349394153245
N128,test_1040_1219,P21_relative_l2,M3,FNO-3D,fixed,6.0,1.0,180,180,0.45161874454763495,0.05483321356319832,0.4466064594927447,0.5498454816847484,0.6020562619056311
N128,test_1040_1219,Q21_relative_l2,M3,FNO-3D,fixed,5.0,0.0,180,180,0.0,0.0,0.0,0.0,0.0
N128,test_1040_1219,Q21_relative_l2,M3,FNO-3D,fixed,5.1,0.09999999999999964,180,180,1.3181800353370299,0.23439501023997583,1.3105612466110452,1.7198009227809776,1.9710641422620137
N128,test_1040_1219,Q21_relative_l2,M3,FNO-3D,fixed,5.2,0.20000000000000018,180,180,1.5271595979795143,0.2104460356125451,1.5088230582219913,1.9358052808457005,2.1953565999770013
N128,test_1040_1219,Q21_relative_l2,M3,FNO-3D,fixed,5.3,0.2999999999999998,180,180,1.2948928550199785,0.12889239283294135,1.278894937337792,1.5605914821625826,1.815507937429289
N128,test_1040_1219,Q21_relative_l2,M3,FNO-3D,fixed,5.4,0.40000000000000036,180,180,1.1797618058074517,0.07647122199638971,1.1651393643614472,1.3439776928361846,1.4093368889355367
N128,test_1040_1219,Q21_relative_l2,M3,FNO-3D,fixed,5.5,0.5,180,180,1.140890686190988,0.05801289046298601,1.1273135505239777,1.2597571119054223,1.3415296312157778
N128,test_1040_1219,Q21_relative_l2,M3,FNO-3D,fixed,5.6,0.5999999999999996,180,180,1.1270653504214967,0.05431196478404791,1.11549622723198,1.2318806944202454,1.3309799382110028
N128,test_1040_1219,Q21_relative_l2,M3,FNO-3D,fixed,5.7,0.7000000000000002,180,180,1.1217771744444864,0.05488753620655859,1.1170718270476654,1.2278232077002984,1.3884000759121238
N128,test_1040_1219,Q21_relative_l2,M3,FNO-3D,fixed,5.8,0.7999999999999998,180,180,1.1166579885614045,0.052472390447242105,1.1072942729657642,1.2108817003196584,1.3037902699209227
N128,test_1040_1219,Q21_relative_l2,M3,FNO-3D,fixed,5.9,0.9000000000000004,180,180,1.115637397675586,0.05152091261149994,1.1043391693444082,1.2157665011110108,1.275152565814815
N128,test_1040_1219,Q21_relative_l2,M3,FNO-3D,fixed,6.0,1.0,180,180,1.1106673626702643,0.04991134605896298,1.1000140040744166,1.1967071774453166,1.2978568260756647
N128,test_1040_1219,P22_31_relative_l2,M3,FNO-3D,fixed,5.0,0.0,180,180,0.0,0.0,0.0,0.0,0.0
N128,test_1040_1219,P22_31_relative_l2,M3,FNO-3D,fixed,5.1,0.09999999999999964,180,180,1.2482749010485144,0.2284428537382749,1.2319309512407743,1.6467214623563338,1.9237430077970405
N128,test_1040_1219,P22_31_relative_l2,M3,FNO-3D,fixed,5.2,0.20000000000000018,180,180,1.4676541544973791,0.20351714857696437,1.4579942922228208,1.8576920617250614,2.1518427761478067
N128,test_1040_1219,P22_31_relative_l2,M3,FNO-3D,fixed,5.3,0.2999999999999998,180,180,1.2417991126109662,0.11893702438042393,1.227002610241772,1.4702741599774338,1.7424931527112233
N128,test_1040_1219,P22_31_relative_l2,M3,FNO-3D,fixed,5.4,0.40000000000000036,180,180,1.1330314656602343,0.06496837947291931,1.1221122956900569,1.260861305485418,1.3313642995743085
N128,test_1040_1219,P22_31_relative_l2,M3,FNO-3D,fixed,5.5,0.5,180,180,1.1012971221374408,0.04684124426203969,1.0938207829904587,1.1934949805397854,1.2614182659719442
N128,test_1040_1219,P22_31_relative_l2,M3,FNO-3D,fixed,5.6,0.5999999999999996,180,180,1.0912202553467805,0.04351568390569188,1.0827094550026648,1.1781668750203882,1.2445234695731728
N128,test_1040_1219,P22_31_relative_l2,M3,FNO-3D,fixed,5.7,0.7000000000000002,180,180,1.0880562826816553,0.04463418463848248,1.086205949861586,1.1669234206004298,1.3050869641786091
N128,test_1040_1219,P22_31_relative_l2,M3,FNO-3D,fixed,5.8,0.7999999999999998,180,180,1.0841281587373166,0.04345472290361485,1.0775413250958323,1.157037137679837,1.2577485472784213
N128,test_1040_1219,P22_31_relative_l2,M3,FNO-3D,fixed,5.9,0.9000000000000004,180,180,1.0829968362003992,0.042293654148541034,1.0751449136135527,1.1681543320893335,1.2153574676230268
N128,test_1040_1219,P22_31_relative_l2,M3,FNO-3D,fixed,6.0,1.0,180,180,1.0796526309537582,0.04065848939105301,1.072091702651466,1.1564067294891835,1.2326683767113478
N128,test_1040_1219,outer_P31_relative_l2,M3,FNO-3D,fixed,5.0,0.0,180,180,0.0,0.0,0.0,0.0,0.0
N128,test_1040_1219,outer_P31_relative_l2,M3,FNO-3D,fixed,5.1,0.09999999999999964,180,180,2.2769655637716193,0.49639691929338126,2.266559531318177,3.050112638048678,3.901251877686539
N128,test_1040_1219,outer_P31_relative_l2,M3,FNO-3D,fixed,5.2,0.20000000000000018,180,180,2.4259790034255198,0.47325185614680365,2.44576496980375,3.2343298756647108,3.8734585283548193
N128,test_1040_1219,outer_P31_relative_l2,M3,FNO-3D,fixed,5.3,0.2999999999999998,180,180,2.106489339380537,0.4447241539697479,2.032769855373174,2.937435837419146,3.768892924657652
N128,test_1040_1219,outer_P31_relative_l2,M3,FNO-3D,fixed,5.4,0.40000000000000036,180,180,1.8967421456781488,0.3919510924658056,1.8269669793802903,2.655932054284285,3.570093617926426
N128,test_1040_1219,outer_P31_relative_l2,M3,FNO-3D,fixed,5.5,0.5,180,180,1.7834279385120573,0.36177569219228833,1.7015484912111598,2.5281733612278057,3.223036036300057
N128,test_1040_1219,outer_P31_relative_l2,M3,FNO-3D,fixed,5.6,0.5999999999999996,180,180,1.74708677805012,0.3474418974307638,1.6594422591594014,2.4857851633083015,3.1966552344779804
N128,test_1040_1219,outer_P31_relative_l2,M3,FNO-3D,fixed,5.7,0.7000000000000002,180,180,1.7166938654310915,0.33563987058976175,1.6393521391279382,2.338860223624949,3.019595821073584
N128,test_1040_1219,outer_P31_relative_l2,M3,FNO-3D,fixed,5.8,0.7999999999999998,180,180,1.6950053924428585,0.3212941927952189,1.5929529350876344,2.3680604074303777,3.0691570037294387
N128,test_1040_1219,outer_P31_relative_l2,M3,FNO-3D,fixed,5.9,0.9000000000000004,180,180,1.6993656445696566,0.32241806859911776,1.6240694568446679,2.3305455459029707,3.0705684049399187
N128,test_1040_1219,outer_P31_relative_l2,M3,FNO-3D,fixed,6.0,1.0,180,180,1.690670019467626,0.32526937579808746,1.610762799403516,2.316941597706642,2.7916519736533907
N128,test_1040_1219,reliable_outer_P31_relative_l2,M3,FNO-3D,fixed,5.0,0.0,180,180,0.0,0.0,0.0,0.0,0.0
N128,test_1040_1219,reliable_outer_P31_relative_l2,M3,FNO-3D,fixed,5.1,0.09999999999999964,180,180,2.2736914524978222,0.4957043565744082,2.262978175681403,3.0443799330382344,3.895312349233288
N128,test_1040_1219,reliable_outer_P31_relative_l2,M3,FNO-3D,fixed,5.2,0.20000000000000018,180,180,2.4225083947497175,0.47236387119955375,2.441780127329028,3.2272468588885403,3.866356507778903
N128,test_1040_1219,reliable_outer_P31_relative_l2,M3,FNO-3D,fixed,5.3,0.2999999999999998,180,180,2.102335677840073,0.4434541992224404,2.028729649446584,2.9306659738859677,3.7612557096565897
N128,test_1040_1219,reliable_outer_P31_relative_l2,M3,FNO-3D,fixed,5.4,0.40000000000000036,180,180,1.8925575910278691,0.3904611658567586,1.8231897415349843,2.6489791713626087,3.559750089676495
N128,test_1040_1219,reliable_outer_P31_relative_l2,M3,FNO-3D,fixed,5.5,0.5,180,180,1.7794796823848975,0.3603415276396583,1.6983462676020604,2.521170998080149,3.213701450009274
N128,test_1040_1219,reliable_outer_P31_relative_l2,M3,FNO-3D,fixed,5.6,0.5999999999999996,180,180,1.7434012750441263,0.34603670397038444,1.6566328515253632,2.4795048195641423,3.187551438574809
N128,test_1040_1219,reliable_outer_P31_relative_l2,M3,FNO-3D,fixed,5.7,0.7000000000000002,180,180,1.7129835559407751,0.33425394405654646,1.6363676465647299,2.332405274222894,3.011561094304711
N128,test_1040_1219,reliable_outer_P31_relative_l2,M3,FNO-3D,fixed,5.8,0.7999999999999998,180,180,1.6913550463416318,0.31990344438684826,1.5901103201679267,2.361165972271008,3.0597880319619515
N128,test_1040_1219,reliable_outer_P31_relative_l2,M3,FNO-3D,fixed,5.9,0.9000000000000004,180,180,1.6957411141591667,0.32102401655376345,1.6205202331233637,2.3249183256475807,3.0621565804841793
N128,test_1040_1219,reliable_outer_P31_relative_l2,M3,FNO-3D,fixed,6.0,1.0,180,180,1.6870110706857924,0.3237461013587833,1.607627957087024,2.31155408454173,2.7845670007070167
